"id","name","place_id","address","type","beds","phone","email","website","created_at"
"1","Mohamed V","1","Route de Targuist, Al Hoceima","HP","300",NULL,NULL,NULL,"2025-12-14 14:22:20"
"2","C. d'oncologie d'Al Hoceima","1","Route de Tétouan, Al Hoceima","CRO","150","0539831111","cdoncologiealhoceima@hopitaux-marocains.ma","https://hopitaux-marocains.ma/cdoncologiealhoceima","2025-12-14 14:22:20"
"3","Imzouren","2","Route de Tétouan, Imzouren, Province de Tanger","HPR","200","0539582000",NULL,NULL,"2025-12-14 14:22:20"
"4","Targuist","3","Targuist, Province de Tanger-Tétouan-Al Hoceïma","HPR","120",NULL,NULL,NULL,"2025-12-14 14:22:20"
"5","Mohamed V","4","Chefchaouen","HP","400",NULL,NULL,NULL,"2025-12-14 14:22:20"
"6","Ksar El Kebir","5","Route de Tétouan, Ksar El Kebir, 12000","HPR","250",NULL,"ksar-el-kebir@hopitaux-marocains.ma","https://hopitaux-marocains.ma/ksar-el-kebir","2025-12-14 14:22:20"
"7","Lalla Meriem","6","Route de la plage, 12200 Larache","HP","200",NULL,NULL,NULL,"2025-12-14 14:22:20"
"8","Abou Kacem Zahraoui","7","Route de Tanger, 52000 Ouezzane","HP","300","0539861111","azh@hopitaux.gov.ma","https://www.hopitalaboukacemzahraoui.ma","2025-12-14 14:22:20"
"9","Assilah","8","Route de la plage, 92030 Assilah","HPR","200","0539482121",NULL,NULL,"2025-12-14 14:22:20"
"10","Mohammed Vi","9","Route de Bni Makada, 14000 Bni Makada","HPR","500","0527321111","hospitalmohammedvi@gmail.com","https://www.hopitalmohammedvi.ma","2025-12-14 14:22:20"
"11","Arrazi","10","Mghogha, Arrondissement de Mghogha","HPSYR","600",NULL,NULL,NULL,"2025-12-14 14:22:20"
"12","Mohamed V","11","Boulevard Mohammed V, Al Madina, Marrakech","HR","1000","0524380000",NULL,NULL,"2025-12-14 14:22:20"
"13","Al Kortobi","11","Route de Meknès, Al Madina","HR","250","0539833131",NULL,NULL,"2025-12-14 14:22:20"
"14","Duc De Tovar","11","Route de Tanger, Al Madina","HR","250","0537632345","info@ducdetovar.ma","https://www.ducdetovar.ma","2025-12-14 14:22:20"
"15","Centre d'oncologie","11","Route de l'hôpital, Al Madina","HIR","150","0537831234","centre.oncologie@almadina.ma","https://centre-oncologie-al-madina.ma","2025-12-14 14:22:20"
"16","Hôpital mère enfant Mohamed VI","12","Route de Gueznaïa, 26000 Guznaïa","HIR","450","0524833131",NULL,NULL,"2025-12-14 14:22:20"
"17","Hôpital psychiatrique Mohamed VI","12","Route de Gueznaia, 24000 Gueznaia","CPU","200","0535643434",NULL,NULL,"2025-12-14 14:22:20"
"18","Hôpital des spécialité Mohamed VI","12","Route de Gueznaia, 26000 Gueznaia","HIR","500","0543831111",NULL,NULL,"2025-12-14 14:22:20"
"19","Hôpital.Civil","13","Route de Larache, Tétouan","HP","500","0539932311",NULL,NULL,"2025-12-14 14:22:20"
"20","Errazi","13","Route de Tétouan, 93000 Tétouan","HPSYP","500","0539933131",NULL,NULL,"2025-12-14 14:22:20"
"21","Ben Karrich","14","Route de Meknès, Dar Bni Karrich, Meknès","HP","150","0553831414","benkarrich.hopital@gmail.com","https://benkarrich-hospital.ma","2025-12-14 14:22:20"
"22","Hassan II","15","Route de Fnideq, 32000 Fnideq","HPR","500","0539980000",NULL,NULL,"2025-12-14 14:22:20"
"23","Mohammed VI","16","Route de l'aéroport, 37220 M'Diq","HP","500","0539525151",NULL,NULL,"2025-12-14 14:22:20"
"24","Edderak","17","Route de l'aéroport, 61300 Berkane","HP","250","0535525151",NULL,NULL,"2025-12-14 14:22:20"
"25","Saidia","18","Route de l'hôpital, Saidia, Province de Nador, Région de Tanger-Tétouan-Al Hoceïma","HPR","200","0528313131",NULL,NULL,"2025-12-14 14:22:20"
"26","Driouch","19","Route de la ville, Driouch, Province de Driouch, Région Tanger-Tétouan-Al Hoceïma","HP","150","0539888888","hpdriouch@minss.gov.ma","https://www.minss.gov.ma/fr/hopitaux/hpdriouch","2025-12-14 14:22:20"
"27","Hassan II","20","Bouarfa, Province de Khenifra","HP","500",NULL,NULL,NULL,"2025-12-14 14:22:20"
"28","Guercif","21","Route de Meknès, Guercif 35000","HP","250","0668323456","hopital.guercif@minss.gov.ma","https://hopitalguercif.minss.gov.ma","2025-12-14 14:22:20"
"29","Jrada","22","Route de Laaouinate, Jrada","HP","150","0611223344","jrada.hopital@laaouinate.ma","https://jrada.hopital.ma","2025-12-14 14:22:20"
"30","Mohammed Vi","23","Route de la ville, Al Aaroui","HPR","250","0583000000","mohammedvi.alaroui@hopitaux.ma","https://hopitaux.ma/mohammedvi-alaroui","2025-12-14 14:22:20"
"31","Hassani","24","Route de l'aéroport, 62180 Nador","HP","250","0539832311","hassani.hopital@gmail.com","https://hassani-hospital.ma","2025-12-14 14:22:20"
"32","Zaio","25","Zaio","HPR","120",NULL,NULL,NULL,"2025-12-14 14:22:20"
"33","Al Farabi","26","Route de Tafilalet, 60000 Oujda","HR","600","0538831111",NULL,NULL,"2025-12-14 14:22:20"
"34","Hôpital Psychiatrique","26","Route de la Zitoune, 60000 Oujda","CPU","300",NULL,NULL,NULL,"2025-12-14 14:22:20"
"35","Hôpital des Spécialitéss","26","Route de Tafilalet, 60300 Oujda","HIR","600",NULL,NULL,NULL,"2025-12-14 14:22:20"
"36","Hôpital Mère-Enfant","26","Route de la Zitoune, 60000 Oujda","HIR","500",NULL,"hme.oujda@minss.gov.ma","https://www.hme-oujda.ma","2025-12-14 14:22:20"
"37","Centre d'oncoligie Hassan II","27","Route de Sidi Moussa, 20100 Sidi Moussa Lemhaya","HIR","150","0523932222","info@centre-oncologie-hassan2.ma","https://centre-oncologie-hassan2.ma","2025-12-14 14:22:20"
"38","HPr Laayoune Sidi Mellouk","28","Route de l'aéroport, El Aioun Sidi Mellouk, Laâyoune-Sakia El Hamra","HPR","150","0528831212",NULL,NULL,"2025-12-14 14:22:20"
"39","Taourirt","29","Route de Marrakech, Taourirt, Province de Ouarzazate","HP","150",NULL,NULL,NULL,"2025-12-14 14:22:20"
"40","Sidi Said","30","Boulevard Sidi Mohamed Ben Abdellah, Meknès 50000","HP","500",NULL,"sidi.said.hopital@gmail.com","https://www.hopital-sidisaid.ma","2025-12-14 14:22:20"
"41","Mohamed V","30","Boulevard Mohammed V, Meknès 50000","HP","500","0553852222",NULL,NULL,"2025-12-14 14:22:20"
"42","Pagnon","30","Boulevard Pagnon, Meknès 50000","HP","250","0535632222","hospitalempagnon@gmail.com","https://www.hospitalempagnon.ma","2025-12-14 14:22:20"
"43","Moulay Ismail","30","Route de Fès, Meknès 50000","HP","1000","0539222222",NULL,NULL,"2025-12-14 14:22:20"
"44","Centre d'oncologie","30","Boulevard Mohammed VI, Meknès 50000","CRO","150",NULL,"centre.oncologie.meknes@hopitaux.gov.ma","https://www.hopitaux.gov.ma/fr/centre-oncologie-meknes","2025-12-14 14:22:20"
"45","Marche Verte","31","Route de la Marche Verte, Missour (Mun.)","HP","250","0524832311","marcheverte.hopital@maroc.ma","https://marcheverte.hopital.ma","2025-12-14 14:22:20"
"46","S. Ahmed B. Driss Missouri","32","Route de Marrakech, Outat El Haj","HPR","200","0524833131",NULL,NULL,"2025-12-14 14:22:20"
"47","Prince My Hassan","33","Route de Meknès, El Hajeb","HP","200","0669823456","prince.my.hassan@hopital.ma","https://hopitalprincemyhassan.ma","2025-12-14 14:22:20"
"48","Al Ghassani","34","Rue Al Ghassani, Agdal, Rabat","HR","500","0537777777","info@alghassani.ma","https://www.alghassani.ma","2025-12-14 14:22:20"
"49","Ibn Al Baitar","34","Boulevard Ibn Sina, Agdal, Rabat 10050","HR","32","0537771717",NULL,NULL,"2025-12-14 14:22:20"
"50","Hôpital d'Oncologie","35","Boulevard Mohammed VI, 15000 Saïss, Fès","HIR","200",NULL,"hopital.oncologie@fes.ma","https://hopitaloncologie.ma","2025-12-14 14:22:20"
"51","Hôpital des spécialités","35","Route de Meknès, 52000 Saïss","HIR","600","0535770000",NULL,NULL,"2025-12-14 14:22:20"
"52","Hôpital Mère-Enfant","35","Route de Meknès, 52000 Saïss","HIR","300","0535660000",NULL,NULL,"2025-12-14 14:22:20"
"53","Omar Drissi","36","Boulevard Mohammed V, Fès","HIR","250",NULL,"omardrissi@hopitalmarocain.ma","https://www.hopitalomardrissi.ma","2025-12-14 14:22:20"
"54","Ibn Al Khatib","37","El Mariniyine","HR","150","0693833333",NULL,NULL,"2025-12-14 14:22:20"
"55","Ibn Al Hassan","37","Route de l'hôpital, El Mariniyine","CPU","250","0661123456","ibn.al.hassan@hopitaux-marocains.ma","https://www.hopitalibnalhassan.ma","2025-12-14 14:22:20"
"56","20 Aout (Azrou)","38","Route de Fès, Azrou","HP","300","0535785111",NULL,NULL,"2025-12-14 14:22:20"
"57","Mohamed V","39","Route de Fes, Sefrou","HP","300","0537833333",NULL,NULL,"2025-12-14 14:22:20"
"58","Hassan II","40","Route de Ghafsai, Ghafsai, Province de Taza","HPR","200","0668823456",NULL,NULL,"2025-12-14 14:22:20"
"59","Taounate","41","Route de Meknès, Taounate","HP","250","0535582121",NULL,NULL,"2025-12-14 14:22:20"
"60","Ibn Baja","42","Route de Fès, 1, Taza","HP","500",NULL,NULL,NULL,"2025-12-14 14:22:20"
"61","Al Idrissi","43","Route de Sidi Kacem, Kénitra","HP","500","0543633333",NULL,NULL,"2025-12-14 14:22:20"
"62","Zoubir Skirej","44","Route de Tizi Ouzou, Souk El Arbaa (Mun.)","HPR","150","0543881111",NULL,NULL,"2025-12-14 14:22:20"
"63","Khémisset","45","Route de Meknès, Khemisset","HP","300","0573737373",NULL,NULL,"2025-12-14 14:22:20"
"64","Roummani","46","Route de Marrakech, Rommani","HPR","150","0525832345","roummani.hopital@gmail.com","https://www.hopital-roummani.ma","2025-12-14 14:22:20"
"65","Tiflet","47","Route de Tiflet, Tiflet, 40100","HPR","500","0527212121",NULL,NULL,"2025-12-14 14:22:20"
"66","Ibn Sina","48","Rue Ibn Sina, Agdal Riyad, Rabat","HIR","500","0537763131",NULL,NULL,"2025-12-14 14:22:20"
"67","Hôpital Des Spécialités","48","Boulevard de l'Académie, Agdal, Rabat 10050","HIR","500","0537757575",NULL,NULL,"2025-12-14 14:22:20"
"68","Maternité Souissi","48","Rue Ibn Sina, Agdal, Rabat 10000","HIR","600","0537633131",NULL,NULL,"2025-12-14 14:22:20"
"69","Hôpital D'enfants","48","Boulevard de l'Académie, Agdal Riyad, Marrakech","HIR","200","0524383131","hpedenfants@hopital.ma","https://www.hopital.ma/hpedenfants","2025-12-14 14:22:20"
"70","Maternité Orangers","48","Rue de l'Hôpital, Agdal Riyad","HIR","150","0522791111","materniteorangers@gmail.com","https://www.materniteorangers.ma","2025-12-14 14:22:20"
"71","Med Ben Abdellah","48","Boulevard de l'Académie, 10000 Rabat","HIR","1000","0537733131",NULL,NULL,"2025-12-14 14:22:20"
"72","My Youssef","49","Boulevard Hassan II, Hassan","HIR","250","0535833456","myyoussef.hassan@hopitaux.ma","https://www.my-youssef-hassan.ma","2025-12-14 14:22:20"
"73","Moulay Youssef (Ancien hôpital de Rabat)","49","B.P. 14000, Hassan","HR","1000","0537633131",NULL,NULL,"2025-12-14 14:22:20"
"74","El Ayachi","50","Bab Lamrissa, Rabat","HIR","300","0537733131",NULL,NULL,"2025-12-14 14:22:20"
"75","Moulay Abdellah (Hôp.préféctoral)","51","Hôpital Moulay Abdellah, Hssaine, Arrondissement de Hssaine","HP","500","0661616161","hpmoulayabdellah@minss.gov.ma","https://www.minss.gov.ma/fr/hopitaux/moulay-abdellah","2025-12-14 14:22:20"
"76","Arrazi","52","Route de Tabriquet, 24000 Tabriquet","CPU","250","0548831414","hospitalelarrazi@gmail.com","https://www.hospitalelarrazi.ma","2025-12-14 14:22:20"
"77","Jorf Elmelha","53","Route de Safi, 86000 Jorf El Melha","HPR","200","0523533333",NULL,NULL,"2025-12-14 14:22:20"
"78","Sidi Kacem","54","Route de Meknès, Sidi Kacem 16300","HP","400",NULL,"hospitalsec@hospitalsidi-kacem.ma","https://hospitalsidi-kacem.ma","2025-12-14 14:22:20"
"79","Sidi Slimane","55","Route de Rabat, Sidi Slimane","HP","250","0525535353","hospitalsidislimane@gmail.com","https://www.hospitalsidislimane.ma","2025-12-14 14:22:20"
"80","Princesse Lalla Aicha (Ancien Sidi Lahcen)","56","Route de Rabat, Témara","HP","300","0537711111",NULL,NULL,"2025-12-14 14:22:20"
"81","Haut Atlas Central","57","Route de Marrakech, Azilal","HP","300",NULL,NULL,NULL,"2025-12-14 14:22:20"
"82","Demnate","58","Route de Marrakech, Demnate, Marrakech-Safi","HPR","150","0248823456","hpdemenate@minss.gov.ma",NULL,"2025-12-14 14:22:20"
"83","Beni Mellal","59","Route de Marrakech, Béni Mellal 23000","HR","300",NULL,"hpbm@minss.gov.ma","https://www.minss.gov.ma/fr/hopitaux/hopital-beni-mellal","2025-12-14 14:22:20"
"84","Moulay Ismail","60","Route de Meknès, Kasba Tadla","HPR","500","0668423456",NULL,NULL,"2025-12-14 14:22:20"
"85","Beni Mellal","61","Ouled M'Barek, Beni Mellal","CRO","500","0525832311","hpbm@hopitaux.gov.ma","https://www.hpbm.ma","2025-12-14 14:22:20"
"86","Fquih Ben Salah","62","Route de Marrakech, Fquih Ben Salah, Marrakech-Safi","HP","200",NULL,NULL,NULL,"2025-12-14 14:22:20"
"87","Souk Sebt","62","Route de Marrakech, Fquih Ben Salah","HPR","150","0535622345","souksebt.hopital@fquihbensalah.ma","https://souksebt.hopital.ma","2025-12-14 14:22:20"
"88","Khenifra","63","Route de Meknès, Khenifra 57400","HP","400",NULL,NULL,NULL,"2025-12-14 14:22:20"
"89","M'Rirt","64","Route de Marrakech, M'Rirt, Marrakech-Safi","HPR","150","0524482222",NULL,NULL,"2025-12-14 14:22:20"
"90","Mohamed VI","65","Route de Bejaad, 24000 Bejaad","HPR","500","0538832345",NULL,NULL,"2025-12-14 14:22:20"
"91","Hassan II","66","Route de Marrakech, 26000 Khouribga","HP","300",NULL,NULL,NULL,"2025-12-14 14:22:20"
"92","Oued.Zem","67","Route de Sidi Slimane, 14000 Oued Zem","HPR","300","0535632300",NULL,NULL,"2025-12-14 14:22:20"
"93","Benslimane (Hassan II)","68","Route de Casablanca, Benslimane","HP","300","0525531200",NULL,NULL,"2025-12-14 14:22:20"
"94","Berrchid","69","Route de Casablanca, 22200 Berrechid","HP","250","0523932334",NULL,NULL,"2025-12-14 14:22:20"
"95","Errazi","69","Route de Casablanca, Berrechid","HPSYP","150",NULL,"info@hosperrazi.ma","https://www.hosperrazi.ma","2025-12-14 14:22:20"
"96","Azemmour","70","Route de l'hôpital, 36220 Azemmour","HPR","150",NULL,"azemmour.hopital@maroc.ma","https://www.hopital-azemmour.ma","2025-12-14 14:22:20"
"97","Mohamed V","71","Route de l'hôpital, 24000 El Jadida","HP","500",NULL,"hpmv@minss.gov.ma","https://www.minss.gov.ma","2025-12-14 14:22:20"
"98","Mediouna","72","Route de Safi, 44150 Médouina","HP","200","0524532323",NULL,NULL,"2025-12-14 14:22:20"
"99","Tit Mellil","73","Route de Sidi Hajjaj, 20620 Sidi Hajjaj","HPSYP","250",NULL,"titmellil@hopitaux.gov.ma","https://www.hopitaux.gov.ma/tit-mellil","2025-12-14 14:22:20"
"100","My Abdellah","74","Rue de la Liberté, Mohammadia","HP","500","0537631400","myabdellah@hopital.ma","https://www.hopitalmyabdellah.ma","2025-12-14 14:22:20"
"101","Bouskoura","75","Route de Casablanca, Bouskoura, Casablanca-Settat","HPR","200",NULL,"hospitalebouskoura@gmail.com","https://www.hospitalebouskoura.ma","2025-12-14 14:22:20"
"102","Prince My Hassan","76","Route de Casablanca, Dar Bouazza, Casablanca-Settat","HP","300",NULL,NULL,NULL,"2025-12-14 14:22:20"
"103","Ben Ahmed","77","Rue Ben Ahmed, Ben Ahmed (Mun.)","HPR","250","0543645412","info@benhamedhosp.com","https://www.benhamedhosp.com","2025-12-14 14:22:20"
"104","Hassan II","78","Route de l'Université, 26000 Settat","HP","500","0577733333",NULL,"https://www.hopitalhassan2.ma/","2025-12-14 14:22:20"
"105","Sidi Bennour","79","Route de Sidi Bennour, 48000 Sidi Bennour","HP","250","0249823456","hopital.sidi.bennour@maroc.mg","https://hopital-sidi-bennour.ma","2025-12-14 14:22:20"
"106","Zmamra","80","Route de Casablanca, 27100 Zemamra","HPR","500",NULL,"zmamra.hopital@maroc.ma","https://www.hopital-zmamra.ma","2025-12-14 14:22:20"
"107","20 Aout 1953","81","Boulevard Mohammed VI, 20000 El Jadida","HIR","500",NULL,"h20aout1953@minss.gov.ma","https://www.hopital20aout1953.ma","2025-12-14 14:22:20"
"108","Ibn Rochd","81","Boulevard Ibn Rochd, El Maarif, Casablanca","HIR","500","0522282828","info@hospitalibnrochd.ma","https://www.hospitalibnrochd.ma","2025-12-14 14:22:20"
"109","Hôpital D'enfants","81","Boulevard Mohammed VI, El Maarif, Casablanca","HIR","200","0522334455","hpedc@hopitaux-marocains.ma","https://www.hopitaux-marocains.ma/hpedc","2025-12-14 14:22:20"
"110","My Youssef","82","Boulevard Mohammed V, Sidi Belyout, Casablanca","HR","250","0522233456","myyoussef.hopital@gmail.com","https://www.my-youssef-hopital.ma","2025-12-14 14:22:20"
"111","Mohamed Baouafi","83","Route de Marrakech, Al-Fida","HP","150","0525832345","mohamed.baouafi@hopital-al-fida.ma","https://www.hopital-al-fida.ma","2025-12-14 14:22:20"
"112","Mohamed V","84","Boulevard Mohammed V, Hay Mohammadi, Marrakech","HP","500",NULL,NULL,NULL,"2025-12-14 14:22:20"
"113","El Hassani","85","Rue El Hassani, Hay Hassani, Casablanca","HP","500","0522334455","elhassani.hospital@maroc.com","https://elhassanihospital.ma","2025-12-14 14:22:20"
"114","Centre de Léprologie","86","Route de Casablanca, Aïn Chock, Casablanca","HP","150","0522334455",NULL,NULL,"2025-12-14 14:22:20"
"115","Mohamed Sekkat","86","Route de Casablanca, Aïn Chock, Casablanca-Settat","HP","500",NULL,NULL,NULL,"2025-12-14 14:22:20"
"116","Al Mansour","87","Rue Sidi Bernoussi, Sidi Bernoussi, Casablanca","HP","500","0522434343","info@almansourhospital.ma","https://www.almansourhospital.ma","2025-12-14 14:22:20"
"117","HPr Sidi Moumen","88","Route de Casablanca, Sidi Moumen, Casablanca-Settat","HPR","500","0522232323","hpsidimoumen@hopitaux.gov.ma","https://www.hopitaux.gov.ma/hopitaux/hpr-sidi-moumen","2025-12-14 14:22:20"
"118","Ben Msick","89","Route de l'hôpital, 20620 Ben M'Sick (Arrond.)","HP","500","0528831414",NULL,NULL,"2025-12-14 14:22:20"
"119","Sidi Othmane","90","Sidi Othmane, Sidi Othmane (Arrond.)","HP","180",NULL,NULL,NULL,"2025-12-14 14:22:20"
"120","Mohammed VI","91","Route de Tahannaout, 42500 Tahannaout","HP","250","0525582222",NULL,NULL,"2025-12-14 14:22:20"
"121","Mohamed Vi","92","Route de Marrakech, Chichaoua, Marrakech-Safi","HP","150","0524472222",NULL,NULL,"2025-12-14 14:22:20"
"122","Assalama","93","Route de Marrakech, El Kelaâ des Sraghna","HP","150","0524482311",NULL,NULL,"2025-12-14 14:22:20"
"123","Hôpital psychiatrique","93","Route de Marrakech, El Kelaâ des Sraghna, Marrakech-Safi","HPSYP","200","0248823456",NULL,NULL,"2025-12-14 14:22:20"
"124","Princesse Lalla Khadija","94","Route de Tamallalt, Tamallalt","HPR","150","0528832345","princesse.lalla.khadija@hopitaux-marocains.ma","https://hopitaux-marocains.ma/princesse-lalla-khadija","2025-12-14 14:22:20"
"125","Sidi Med Ben Abdellah","95","Route de Diabat, Essaouira 22000","HP","500",NULL,NULL,NULL,"2025-12-14 14:22:20"
"126","Ibn Tofeil","96","Boulevard Mohammed V, Gueliz, Marrakech","HIR","500","0524433131",NULL,NULL,"2025-12-14 14:22:20"
"127","Ibn Nafis","96","Boulevard Ibn Sina, Gueliz, Marrakech","CPU","500","0524433333",NULL,NULL,"2025-12-14 14:22:20"
"128","Hopital Mère-Enfant","96","Boulevard Mohammed V, Gueliz, Marrakech","HIR","500","0524433333","hme@hopitalmarrakech.ma","https://hopitalmarrakech.ma/","2025-12-14 14:22:20"
"129","Centre d'Hématologie Oncologie","96","Boulevard Mohammed V, Gueliz, Marrakech","HIR","500","0524433131",NULL,NULL,"2025-12-14 14:22:20"
"130","Arrazi","96","Boulevard Mohammed V, Gueliz, Marrakech","HIR","500",NULL,NULL,NULL,"2025-12-14 14:22:20"
"131","Ibn Zohr","97","Boulevard de l'Académie, 40000 Marrakech","HR","1000","0524433131",NULL,NULL,"2025-12-14 14:22:20"
"132","El Antaki","97","Rue El Antaki, Marrakech-Médina, Marrakech","HR","150","0524382222",NULL,NULL,"2025-12-14 14:22:20"
"133","Mhamid","98","Route de Mhamid, Ménara, Marrakech","HPR","150","0524832345","mhamid.hopital@marrakech.ma","https://mhamid.hopital.ma","2025-12-14 14:22:20"
"134","Charifa","99","Sidi Youssef Ben Ali","HPR","80",NULL,NULL,NULL,"2025-12-14 14:22:20"
"135","Saada","100","Route de la ville, 12300 Saada","HPSYR","250","0538234567","saada.hopital@maroc.ma","https://saada.hopital.ma","2025-12-14 14:22:20"
"136","Benguerir","101","Route de Marrakech, 43150 Ben Guerir","HP","500",NULL,NULL,NULL,"2025-12-14 14:22:20"
"137","Mohamed V","102","Route de l'hôpital, 46000 Safi","HP","500",NULL,NULL,NULL,"2025-12-14 14:22:20"
"138","Aisha","102","Route de l'hôpital, 46000 Safi","HPR","300","0557323456","aisha.hopital@safi.ma","https://aisha.hopital.ma","2025-12-14 14:22:20"
"139","Lalla Hasna","103","Route de Youssoufia, 46000 Youssoufia","HP","300",NULL,"lalla.hasna@hopital-marocain.ma","https://www.hopital-lalla-hasna.ma","2025-12-14 14:22:20"
"140","Sghiri Houmman I Ben Maati","104","Route de Meknès, Arfoud, Province de Errachidia","HPR","100",NULL,NULL,NULL,"2025-12-14 14:22:20"
"141","My Ali Cherif","105","Route de Meknès, Errachidia, 52400","HR","500","0536783131",NULL,NULL,"2025-12-14 14:22:20"
"142","Hôpital Amir Soultan Ibn Abdelaziz","105","Route de Meknès, Errachidia 52000","HP","200","0535532222",NULL,NULL,"2025-12-14 14:22:20"
"143","20 Aout (Goulmima)","106","Route de la ville, Goulmima, Province de Figuig, Région de Oriental","HPR","100",NULL,NULL,NULL,"2025-12-14 14:22:20"
"144","Midelt","107","Route de Meknès, 54200 Midelt","HP","150",NULL,NULL,NULL,"2025-12-14 14:22:20"
"145","HPr Rich","108","Rue du Docteur Abdelmoumen, 20100 Errachidia, Province de Er-Rich (Mun.)","HPR","300","0536781111",NULL,NULL,"2025-12-14 14:22:20"
"146","Sidi Hssain Bencer","109","Route de Marrakech, 45000 Ouarzazate","HP","200",NULL,"sidi-hssain-bencer@hopital-marocain.ma","https://www.hopital-marocain.ma/sidi-hssain-bencer","2025-12-14 14:22:20"
"147","Bougafer","109","Route de Marrakech, Ouarzazate","HP","250",NULL,"hpbougafer@minss.gov.ma","https://www.hpbougafer.ma","2025-12-14 14:22:20"
"148","HPr Kalaat M'gouna","110","Kalaat M'Gouna, Province de Ouarzazate","HPR","100",NULL,NULL,NULL,"2025-12-14 14:22:20"
"149","Tinghir","111","Route de Marrakech, Tinghir, Province de Tinghir, Région Drâa-Tafilalet","HP","150",NULL,NULL,NULL,"2025-12-14 14:22:20"
"150","Ed-Derrak","112","Route de Marrakech, 46000 Zagora","HP","150","0524842222",NULL,NULL,"2025-12-14 14:22:20"
"151","Hassan II","113","Route de l'aéroport, 80000 Agadir","HR","500","0528822222",NULL,NULL,"2025-12-14 14:22:20"
"152","C. d'Oncologie d'Agadir","113","Route de l'Ocean, 80000 Agadir","CRO","100","0528823333",NULL,NULL,"2025-12-14 14:22:20"
"153","Mokhtar Soussi","114","Route de la ville, BP 123, 68000 Biougra","HP","150","0525234567","mokhtar.soussi@hopital-biougra.ma","https://hopital-biougra.ma","2025-12-14 14:22:20"
"154","Inezgane","115","Route de l'Université, 80000 Inezgane, Marrakech","HP","500","0524432500",NULL,NULL,"2025-12-14 14:22:20"
"155","Oulad Teima","116","Oulad Teima (Mun.)","HPR","120",NULL,NULL,NULL,"2025-12-14 14:22:20"
"156","Mokhtar Es-Soussi","117","Route de Marrakech, 83000 Taroudant","HP","500","0528832244",NULL,NULL,"2025-12-14 14:22:20"
"157","Tata","118","Route de Marrakech, Tata, Marrakech-Safi","HP","150","0524482323",NULL,NULL,"2025-12-14 14:22:20"
"158","Hassan 1er","119","Route de la Plage, Tiznit","HP","200","0528831111",NULL,NULL,"2025-12-14 14:22:20"
"159","Houmman El Fatouaki","119","Route de la ville, Tiznit","HP","150","0528832314","info@hoummanelfatouaki.ma","https://hoummanelfatouaki.ma","2025-12-14 14:22:20"
"160","Assa","120","Route de Marrakech, Assa (Mun.)","HP","150","0558882211","assa.hopital@maroc.ma","https://www.hopitalassa.ma","2025-12-14 14:22:20"
"161","Bouizakaren","121","Bouizakarne","HPR","500",NULL,NULL,NULL,"2025-12-14 14:22:20"
"162","Guelmim","122","Route de la clinique, 23000 Guelmim","HR","250","0525832345","hcguelmim@hopitaux-marocains.ma","https://www.hopitaux-marocains.ma/hcguelmim","2025-12-14 14:22:20"
"163","Sidi Ifni","123","Route de l'hôpital, Sidi Ifni","HP","150","0528831234","hôpital.sidiifni@minss.gov.ma","https://www.minss.gov.ma/hôpitaux/sidi-ifni","2025-12-14 14:22:20"
"164","Hassan II","124","Route de la plage, 83 000 Tan Tan","HP","300","0528832222",NULL,NULL,"2025-12-14 14:22:20"
"165","Boujdour","125","Boujdour, BP 1, Boujdour, Dakhla-Oued Ed-Dahab","HP","400","0528832300",NULL,NULL,"2025-12-14 14:22:20"
"166","Es-Smara","126","Route de l'aéroport, Es-Semara, Province de Dakhla-Oued Ed-Dahab","HP","150","0528832334",NULL,NULL,"2025-12-14 14:22:20"
"167","My Hassan Ben El Mehdi","127","Route de Smara, Laayoune","HR","200","0525372222",NULL,NULL,"2025-12-14 14:22:20"
"168","Hassan II","127","BP 100, Laayoune (Mun.)","HR","500","0528833333",NULL,NULL,"2025-12-14 14:22:20"
"169","Laayoune","127","Route de Smara, Laayoune","CRO","500","0528833131",NULL,NULL,"2025-12-14 14:22:20"
"170","Hassan II","128","Route de l'aéroport, Dakhla","HR","150","0528832314","hassan2.dakhla@hopitaux-marocains.ma","https://hopitaux-marocains.ma/hassan2-dakhla","2025-12-14 14:22:20"
"171","Nom de l'hôpital",NULL,NULL,"CATÉGORIE","600",NULL,NULL,NULL,"2025-12-14 14:22:20"
"172","Haut Atlas Central",NULL,NULL,"HP","700",NULL,NULL,NULL,"2025-12-14 14:22:20"
"173","Demnate",NULL,"Route de Marrakech, Demnate","HPR","150",NULL,"demnate.hopital@minss.gov.ma","https://www.minss.gov.ma/fr/hopitaux/demnate","2025-12-14 14:22:20"
"174","Beni Mellal",NULL,"Route de Marrakech, 23000 Beni Mellal","HR","450",NULL,"hpbm@minss.gov.ma","https://www.hpbm.ma","2025-12-14 14:22:20"
"175","Moulay Ismail",NULL,"B.P. 4010, Meknès","HPR","1000",NULL,NULL,NULL,"2025-12-14 14:22:20"
"176","Fquih Ben Salah",NULL,"Route de Marrakech, 22000 Fquih Ben Salah","HP","300",NULL,"hcfbs@minss.gov.ma","https://www.hcfbs.ma","2025-12-14 14:22:20"
"177","Souk Sebt",NULL,"Souk Sebt","HPR","90",NULL,NULL,NULL,"2025-12-14 14:22:20"
"178","Khenifra",NULL,"Route de Meknès, 53200 Khenifra","HP","350",NULL,NULL,NULL,"2025-12-14 14:22:20"
"179","M'Rirt",NULL,"Route de Marrakech, M'Rirt","HPR","250","0524832314",NULL,NULL,"2025-12-14 14:22:20"
"180","Mohamed VI",NULL,NULL,"HPR","200",NULL,NULL,NULL,"2025-12-14 14:22:20"
"181","Hassan II",NULL,"BP 8644, Avenue Hassan II, Casablanca","HP","1000",NULL,NULL,NULL,"2025-12-14 14:22:20"
"182","Oued.Zem",NULL,"Route de Sidi Slimane, 14000 Khouribga","HPR","250",NULL,"ouedzem@hopitaux.gov.ma","https://www.hopitaux.gov.ma/ouedzem","2025-12-14 14:22:20"
"183","Centre de Léprologie",NULL,"BP 1195, Marrakech","HP","30","0524433131",NULL,NULL,"2025-12-14 14:22:20"
"184","Mohamed Sekkat",NULL,NULL,"HP","450",NULL,NULL,NULL,"2025-12-14 14:22:20"
"185","Mohamed Baouafi",NULL,"Boulevard Mohammed VI, 40000 Marrakech","HP","600","0524433131",NULL,NULL,"2025-12-14 14:22:20"
"186","Ben Msick",NULL,NULL,"HP","700",NULL,NULL,NULL,"2025-12-14 14:22:20"
"187","Benslimane (Hassan II)",NULL,"Route de Casablanca, 29000 Benslimane","HP","400","0524982222",NULL,NULL,"2025-12-14 14:22:20"
"188","Berrchid",NULL,NULL,"HP","350",NULL,NULL,NULL,"2025-12-14 14:22:20"
"189","Errazi",NULL,"Rue El Makhfia, 40000 Marrakech","HPSYP","500","0524433131",NULL,NULL,"2025-12-14 14:22:20"
"190","Ibn Rochd",NULL,"Boulevard de l'Académie, Casablanca","HIR","500","0522282828","ibnrochd@hopital.ma","https://www.hopitalibnrochd.ma","2025-12-14 14:22:20"
"191","Hôpital D'enfants",NULL,NULL,"HIR","500",NULL,NULL,NULL,"2025-12-14 14:22:20"
"192","20 Aout 1953",NULL,NULL,"HIR","600",NULL,NULL,NULL,"2025-12-14 14:22:20"
"193","My Youssef",NULL,NULL,"HR","80",NULL,NULL,NULL,"2025-12-14 14:22:20"
"194","Azemmour",NULL,NULL,"HPR","80",NULL,NULL,NULL,"2025-12-14 14:22:20"
"195","El Hassani",NULL,NULL,"HP","80",NULL,NULL,NULL,"2025-12-14 14:22:20"
"196","Mediouna",NULL,"Route de Casablanca, 20620 Mediouna","HP","300","0524830000",NULL,NULL,"2025-12-14 14:22:20"
"197","Tit Mellil",NULL,"Route de Rabat, 27600 Tit Mellil","HPSYP","250","0523932334","hospital.titmellil@maroc.com","https://www.hopital-titmellil.ma","2025-12-14 14:22:20"
"198","My Abdellah",NULL,NULL,"HP","80",NULL,NULL,NULL,"2025-12-14 14:22:20"
"199","Sidi Othmane",NULL,"Route de Sidi Othmane, 40000 Marrakech","HP","500","0524382222",NULL,NULL,"2025-12-14 14:22:20"
"200","Bouskoura",NULL,"Route de Casablanca, 27170 Bouskoura","HPR","500","0522232323","hpbouskoura@hopitaux.gov.ma","https://www.hpbouskoura.ma","2025-12-14 14:22:20"
"201","Prince My Hassan",NULL,NULL,"HP","600",NULL,NULL,NULL,"2025-12-14 14:22:20"
"202","Ben Ahmed",NULL,NULL,"HPR","120",NULL,NULL,NULL,"2025-12-14 14:22:20"
"203","Sidi Bennour",NULL,"Route de Marrakech, 43150 Sidi Bennour","HP","250","0583532345",NULL,NULL,"2025-12-14 14:22:20"
"204","Zmamra",NULL,NULL,"HPR","120",NULL,NULL,NULL,"2025-12-14 14:22:20"
"205","Al Mansour",NULL,NULL,"HP","600",NULL,NULL,NULL,"2025-12-14 14:22:20"
"206","HPr Sidi Moumen",NULL,"Rue 1, Quartier Sidi Moumen, Casablanca","HPR","500","0537621111","hpsidimoumen@gmail.com","https://hpsidimoumen.ma","2025-12-14 14:22:20"
"207","Sghiri Houmman I Ben Maati",NULL,"Route de l'aéroport, 20000, Tanger","HPR","120","0539933131",NULL,NULL,"2025-12-14 14:22:20"
"208","My Ali Cherif",NULL,NULL,"HR","30",NULL,NULL,NULL,"2025-12-14 14:22:20"
"209","Hôpital Amir Soultan Ibn Abdelaziz",NULL,"Route de l'Aéroport, 40100 Marrakech","HP","1000","0524381111",NULL,NULL,"2025-12-14 14:22:20"
"210","20 Aout (Goulmima)",NULL,"Goulmima, Province de Figuig, Région Oriental","HPR","120",NULL,NULL,NULL,"2025-12-14 14:22:20"
"211","HPr Rich",NULL,NULL,"HPR","500",NULL,NULL,NULL,"2025-12-14 14:22:20"
"212","Midelt",NULL,"Route de Meknès, 53000 Midelt","HP","200",NULL,NULL,NULL,"2025-12-14 14:22:20"
"213","Sidi Hssain Bencer",NULL,"Route de Sidi Hssain, 20000 Sidi Bennour, Marrakech-Safi","HP","150",NULL,"sidi-hssain-bencer@hopital.ma","https://hopital-sidi-hssain-bencer.ma","2025-12-14 14:22:20"
"214","Bougafer",NULL,"Route de l'hôpital, 40000 Marrakech","HP","500","0524380000","hopital.bougafer@mss.gov.ma","https://www.hopitalbougafer.ma","2025-12-14 14:22:20"
"216","Tinghir",NULL,"Tinghir, Province de Tinghir, Région Drâa-Tafilalet","HP","120",NULL,NULL,NULL,"2025-12-14 14:22:20"
"217","Ed-Derrak",NULL,"Route de l'aéroport, 40000 Marrakech","HP","500","0524382222","edderak.hopital@gmail.com","https://www.edderak.ma","2025-12-14 14:22:20"
"218","Marche Verte",NULL,NULL,"HP","60",NULL,NULL,NULL,"2025-12-14 14:22:20"
"219","S. Ahmed B. Driss Missouri",NULL,"BP 1010, Avenue Hassan II, Casablanca","HPR","1000",NULL,NULL,NULL,"2025-12-14 14:22:20"
"220","Ibn Al Baitar",NULL,"Boulevard Ibn Sina, 40000 Marrakech","HR","500","0524432222","ibn.al.baitar@hopitaux-marocains.ma","https://www.hopitaux-marocains.ma/ibn-al-baitar","2025-12-14 14:22:20"
"221","Ibn Al Hassan",NULL,"Boulevard Ibn Sina, 40000 Marrakech","CPU","1000","0524433131",NULL,NULL,"2025-12-14 14:22:20"
"222","Ibn Al Khatib",NULL,"Rue Ibn Al Khatib, Casablanca","HR","500","0522334455","ibnalkhatib@hopital.ma","https://www.hopitalibnalkhatib.ma","2025-12-14 14:22:20"
"223","Omar Drissi",NULL,NULL,"HIR","480",NULL,NULL,NULL,"2025-12-14 14:22:20"
"224","Hôpital des spécialités",NULL,NULL,"HIR","400",NULL,NULL,NULL,"2025-12-14 14:22:20"
"225","Hôpital Mère-Enfant",NULL,"BP 6419, Avenue Hassan II, Casablanca","HIR","500",NULL,"hme@hopitalmerefant.ma","https://www.hopitalmerefant.ma","2025-12-14 14:22:20"
"226","Hôpital d'Oncologie",NULL,"BP 641, Avenue Ibn Sina, 10000 Rabat","HIR","560","0537733131",NULL,NULL,"2025-12-14 14:22:20"
"227","20 Aout (Azrou)",NULL,"Route de Taza, Azrou, Fès-Meknès","HP","300","0535784444",NULL,NULL,"2025-12-14 14:22:20"
"228","Sidi Said",NULL,"Boulevard Mohammed VI, Sidi Said, Rabat","HP","500","0537737373","sidi.said.hopital@maroc.gov.ma","https://www.sidi-said-hopital.ma","2025-12-14 14:22:20"
"229","Pagnon",NULL,NULL,"HP","40",NULL,NULL,NULL,"2025-12-14 14:22:20"
"230","Centre d'oncologie",NULL,NULL,"CRO","20",NULL,NULL,NULL,"2025-12-14 14:22:20"
"232","Ibn Baja",NULL,"Rue Ibn Bajah, 40000 Marrakech","HP","1000","0524433030",NULL,NULL,"2025-12-14 14:22:20"
"233","Assa",NULL,NULL,"HP","300",NULL,NULL,NULL,"2025-12-14 14:22:20"
"234","Bouizakaren",NULL,"Route de Bouizakaren, 40000 Marrakech","HPR","500","0524373456","bouizakaren.hopital@maroc.mg","https://bouizakaren.hopital.ma","2025-12-14 14:22:20"
"235","Guelmim",NULL,"Route de la ville, Guelmim","HR","250","0528831111","hpguelmim@minss.gov.ma","https://www.hpguelmim.ma","2025-12-14 14:22:20"
"237","Boujdour",NULL,NULL,"HP","450",NULL,NULL,NULL,"2025-12-14 14:22:20"
"238","Es-Smara",NULL,NULL,"HP","350",NULL,NULL,NULL,"2025-12-14 14:22:20"
"239","My Hassan Ben El Mehdi",NULL,"Route de l'aéroport, 40000 Marrakech","HR","500","0524380000","hbmhassan@gmail.com","https://hbmhassan.ma","2025-12-14 14:22:20"
"240","Laayoune",NULL,"BP 100, Laâyoune","CRO","500",NULL,NULL,NULL,"2025-12-14 14:22:20"
"241","Assalama",NULL,"Route de l'aéroport, 40170 Sidi Yahya","HP","300","0524232323",NULL,NULL,"2025-12-14 14:22:20"
"242","Hôpital psychiatrique",NULL,NULL,"HPSYP","30",NULL,NULL,NULL,"2025-12-14 14:22:20"
"243","Princesse Lalla Khadija",NULL,"Boulevard Mohammed VI, 40000 Marrakech","HPR","1000","0524380000",NULL,NULL,"2025-12-14 14:22:20"
"244","Sidi Med Ben Abdellah",NULL,"Route de l'hôpital, 50000 Fès","HP","1000","0535636363","sidi-med-ben-abdellah@minss.gov.ma","https://www.minss.gov.ma/hopitaux/sidi-med-ben-abdellah","2025-12-14 14:22:20"
"245","Ibn Tofeil",NULL,NULL,"HIR","400",NULL,NULL,NULL,"2025-12-14 14:22:20"
"246","Ibn Nafis",NULL,"Rue Ibn Sina, Casablanca","CPU","500","0522262626",NULL,NULL,"2025-12-14 14:22:20"
"247","Centre d'Hématologie Oncologie",NULL,"BP 6199, Rabat","HIR","400","0537733131",NULL,NULL,"2025-12-14 14:22:20"
"248","Arrazi",NULL,"BP 1234, 10000 Rabat","HIR","500","0537778899","info@arrazi.ma","https://www.arrazi.ma","2025-12-14 14:22:20"
"249","Ibn Zohr",NULL,"Route de Skhirat, 80000 Marrakech","HR","1000","0524433000",NULL,"https://www.hopitalibnzohr.ma","2025-12-14 14:22:20"
"250","El Antaki",NULL,NULL,"HR","550",NULL,NULL,NULL,"2025-12-14 14:22:20"
"251","Saada",NULL,"Boulevard Mohammed VI, 40000 Marrakech","HPSYR","500","0524383838","saada.hopital@gmail.com","https://www.hopital-saada.ma","2025-12-14 14:22:20"
"252","Benguerir",NULL,"Route de Benguerir, 43150 Benguerir","HP","500","0524432311","benguerir.hopital@gmail.com","https://www.hopitalbenguerir.ma","2025-12-14 14:22:20"
"253","Lalla Hasna",NULL,NULL,"HP","700",NULL,NULL,NULL,"2025-12-14 14:22:20"
"254","Saidia",NULL,"Route de l'hôpital, 32000 Saidia, Province de Oujda-Angad","HPR","300","0538871414","hospitalsaadia@gmail.com","https://www.hospitalsaadia.ma","2025-12-14 14:22:20"
"255","Guercif",NULL,"Route de Meknès, Guercif, Province de Taounate","HP","150","0378323456","hguercif@minss.gov.ma","https://www.minss.gov.ma/fr/hopitaux/guercif","2025-12-14 14:22:20"
"256","Jrada",NULL,"Route de Meknès, 23000, Fès","HP","500","0535633131",NULL,NULL,"2025-12-14 14:22:20"
"257","Zaio",NULL,NULL,"HPR","50",NULL,NULL,NULL,"2025-12-14 14:22:20"
"258","Centre d'oncoligie Hassan II",NULL,"Bd. Ibn Sina, 10100 Rabat","HIR","80","0537774000",NULL,NULL,"2025-12-14 14:22:20"
"259","Al Farabi",NULL,"Rue Al Farabi, Casablanca","HR","500","0522345678","info@alfarabi-hospital.ma","https://www.alfarabi-hospital.ma","2025-12-14 14:22:20"
"260","HPr Laayoune Sidi Mellouk",NULL,"Route de la Plage, Laâyoune","HPR","200","0528830000",NULL,NULL,"2025-12-14 14:22:20"
"261","Taourirt",NULL,"Route de Ouarzazate, Taourirt, Province de Ouarzazate","HP","150",NULL,"hospitaultaourirt@maroc.hc","https://hospitaultaourirt.ma","2025-12-14 14:22:20"
"262","Al Idrissi",NULL,"Boulevard Mohammed VI, 90000 Tétouan","HP","500","0539933131",NULL,NULL,"2025-12-14 14:22:20"
"263","Zoubir Skirej",NULL,"Boulevard de l'Armée Royale, 40000 Marrakech","HPR","400","0524385151",NULL,NULL,"2025-12-14 14:22:20"
"264","Khémisset",NULL,"Route de Rabat, Khemisset, Province de Khemisset","HP","500",NULL,NULL,NULL,"2025-12-14 14:22:20"
"265","Roummani",NULL,"BP 1234, Route de la ville, 10000 Marrakech","HPR","250","0524689012","info@hopital-roummani.ma","https://hopital-roummani.ma","2025-12-14 14:22:20"
"266","Tiflet",NULL,"Route de Tiflet, 14210 Tiflet","HPR","500","0527932311","hospital.tiflet@maroc.hc","https://tiflet.hc.ma","2025-12-14 14:22:20"
"267","Ibn Sina",NULL,"Rue Ibn Sina, Casablanca","HIR","500","0522334455","ibn.sina@hopitaux.ma","https://www.ibnsina.ma","2025-12-14 14:22:20"
"268","Maternité Souissi",NULL,"Rue Abou Bakr El Chorfa, Souissi, Rabat","HIR","700","0537772424",NULL,NULL,"2025-12-14 14:22:20"
"269","Maternité Orangers",NULL,"Route de la Maternité, 40000 Marrakech","HIR","150",NULL,"materniteorangers@gmail.com","https://www.materniteorangers.ma","2025-12-14 14:22:20"
"270","Hôpital De Rabat",NULL,"Boulevard Mohammed V, Rabat 10000","HR","500","0537733131","hprabat@minss.gov.ma","https://www.hprabat.ma","2025-12-14 14:22:20"
"271","El Ayachi",NULL,NULL,"HIR","600",NULL,NULL,NULL,"2025-12-14 14:22:20"
"272","Moulay Abdellah (Hôp.préféctoral)",NULL,"Route de l'aéroport, 40000 Marrakech","HP","1000","0524433131",NULL,NULL,"2025-12-14 14:22:20"
"273","Sidi Kacem",NULL,"Route de Meknès, 16000 Sidi Kacem","HP","500","0535832211",NULL,NULL,"2025-12-14 14:22:20"
"274","Sidi Slimane",NULL,"Route de Sidi Slimane, 23000 Sidi Slimane","HP","500","0583838383","sidi.slimane.hopital@gmail.com","https://sidi-slimane-hopital.ma","2025-12-14 14:22:20"
"275","Sidi Lahcen",NULL,NULL,"HP","60",NULL,NULL,NULL,"2025-12-14 14:22:20"
"276","C. d'Oncologie d'Agadir",NULL,"Route de l'Aéroport, 80000 Agadir","CRO","40","0528833131",NULL,NULL,"2025-12-14 14:22:20"
"277","Mokhtar Soussi",NULL,NULL,"HP","400",NULL,NULL,NULL,"2025-12-14 14:22:20"
"278","Inezgane",NULL,"Route de l'aéroport, 80000 Agadir","HP","1000","0528833131",NULL,NULL,"2025-12-14 14:22:20"
"279","Oulad Teima",NULL,"Route de Tanger, 23000 Oulad Teïma","HPR","250","0585832345","hospitauladteima@maroc.hc","https://www.hospitauladteima.ma","2025-12-14 14:22:20"
"280","Tata",NULL,NULL,"HP","160",NULL,NULL,NULL,"2025-12-14 14:22:20"
"281","Hassan 1er",NULL,"Rue Hassan II, Casablanca","HP","500","0522262626","hassan1er.hopital@maroc.gov.ma","https://www.hassan1er.hopital.ma","2025-12-14 14:22:20"
"282","Houmman El Fatouaki",NULL,"Route de l'aéroport, 40000 Marrakech","HP","250","0524382222","houman-el-fatouaki@hopitaux-marocains.ma","https://hopitaux-marocains.ma/houmman-el-fatouaki","2025-12-14 14:22:20"
"283","C. d'oncologie d'Al Hoceima",NULL,"Route de Targuist, 32000 Al Hoceima","CRO","150","0539832334","cdo.alhoceima@hopitaux.gov.ma","https://hopitaux.gov.ma/cdo-alhoceima","2025-12-14 14:22:20"
"284","Imzouren",NULL,NULL,"HPR","120",NULL,NULL,NULL,"2025-12-14 14:22:20"
"285","Targuist",NULL,"Route de Targuist, Targuist, Province de Targuist, Région Tanger-Tétouan-Al Hoceïma","HPR","250","0539882211","hospitaltarguist@gmail.com","https://www.hospitaltarguist.ma","2025-12-14 14:22:20"
"286","Ksar El Kebir",NULL,"Route de Rabat, Ksar El Kebir, 12000","HPR","250","0539832334","ksar-el-kebir.hopital@maroc.ma","https://ksar-el-kebir.hopital.ma","2025-12-14 14:22:20"
"287","Lalla Meriem",NULL,"Route de l'hôpital, 10000 Rabat","HP","500","0537737373","lalla.meriem@hopitaux-marocains.ma","https://www.hopitaux-marocains.ma/lalla-meriem","2025-12-14 14:22:20"
"288","Abou Kacem Zahraoui",NULL,"Boulevard d'Agdal, 10000 Marrakech","HP","1000","0524433131",NULL,NULL,"2025-12-14 14:22:20"
"289","Al Kortobi",NULL,"Route de l'hôpital, 40000 Marrakech","HR","500","0524431111","al-kortobi@hopitaux-marocains.ma","https://www.al-kortobi.ma","2025-12-14 14:22:20"
"290","Duc De Tovar",NULL,NULL,"HR","800",NULL,NULL,NULL,"2025-12-14 14:22:20"
"291","Assilah",NULL,"Route de la plage, Assilah","HPR","150",NULL,NULL,NULL,"2025-12-14 14:22:20"
"292","Ben Karrich",NULL,NULL,"HP","250",NULL,NULL,NULL,"2025-12-14 14:22:20"
"293","Hôpital.Civil",NULL,"BP 1234, 10000 Rabat","HP","500","0537751500","hopital.civil@minss.gov.ma","https://www.minss.gov.ma/hopital-civil","2025-12-14 14:22:20"
"294","Hopital des spécialités Bougafer",NULL,"Boulevard Mohammed VI, 40000 Marrakech","HÔPITAL","500","0524433131",NULL,NULL,"2025-12-14 14:22:20"
"295","Clinique Rif",NULL,"Boulevard Mohammed VI, 93000 Tanger","HÔPITAL","50","0539939393","cliniquerif@gmail.com","https://www.cliniquerif.ma","2025-12-14 14:22:20"
"296","Clinique Khlalfa",NULL,NULL,"HÔPITAL","350",NULL,NULL,NULL,"2025-12-14 14:22:20"
"297","Hopital Ibn Sina /CHU Ibn SIna",NULL,"Boulevard de l'Armée Royale, 20100 Fès","HÔPITAL","1000",NULL,NULL,NULL,"2025-12-14 14:22:20"
"298","Hospital",NULL,NULL,"HÔPITAL","500",NULL,NULL,NULL,"2025-12-14 14:22:20"
"299","Hôpital Espagnol","129","Boulevard Mohammed VI, Tétouan","HÔPITAL","500","0539833131",NULL,NULL,"2025-12-14 14:22:20"
"300","Clinique Al karaouiyine",NULL,"Rue Imam Ali, Fes Nouvelle, Fès","CLINIQUE","100",NULL,NULL,NULL,"2025-12-14 14:22:20"
"301","Hôpital Riad Al Mokha",NULL,"Rue de la Liberté, 40000 Marrakech","HÔPITAL","500","0524374444","riadalmokha@hopital.ma","https://www.hopitalriadalmokha.ma","2025-12-14 14:22:20"
"302","Hopital Moulay Youssef",NULL,"Boulevard Moulay Youssef, 40000 Rabat","HÔPITAL","500","0537737373","hopital.moulayyoussef@minss.gov.ma","https://www.hopitalmoulayyoussef.ma","2025-12-14 14:22:20"
"303","Hôpital Jdid",NULL,"Boulevard Mohammed VI, 40000 Marrakech","HÔPITAL","500","0524433131","hjdid@msssi.ma","https://www.hopitaljdid.ma","2025-12-14 14:22:20"
"304","Clinique Badr مصحة بدر",NULL,"Route de Casablanca, 10000 Marrakech","CLINIQUE","150","0524380000","info@cliniquebadr.ma","https://www.cliniquebadr.ma","2025-12-14 14:22:20"
"305","clinique dentaire casablanca (cdc)",NULL,"Avenue des F.A.R. - 20100 Casablanca","CLINIQUE","40","0522234567","cdc@casablanca.ma","https://www.cdc.ma","2025-12-14 14:22:20"
"306","Centre consultation et traitement dentaires",NULL,NULL,"HÔPITAL","300",NULL,NULL,NULL,"2025-12-14 14:22:20"
"307","Polyclinique CNSS",NULL,"BP 1451, Casablanca","CLINIQUE","500","0522222222","cnss@cnss.ma","https://www.cnss.ma","2025-12-14 14:22:20"
"308","Clinique Isly","131","Route de la Zaat, Oujda","CLINIQUE","60","0536700702",NULL,NULL,"2025-12-14 14:22:20"
"309","Polyclinique Internationale de Rabat",NULL,"Boulevard Mohammed V, Rabat 10000","CLINIQUE","140","0537737373",NULL,NULL,"2025-12-14 14:22:20"
"310","Centre de santé Bab El Ain","133","Chefchaouen, Province de Tanger-Tétouan-Al Hoceïma","CLINIQUE","20","0618718038",NULL,NULL,"2025-12-14 14:22:20"
"311","Croissant Rouge الهلال الأحمر","133",NULL,"CLINIQUE","80",NULL,NULL,NULL,"2025-12-14 14:22:20"
"312","Centre de santé Al Haouta",NULL,"Route de Tanger, Al Haoua, Tanger","CLINIQUE","150","0539932311",NULL,NULL,"2025-12-14 14:22:20"
"313","Clinique du Chellah",NULL,"Rue de la Clinique, Chellah, Rabat","CLINIQUE","150","0537636363","cliniqueduchellah@gmail.com","https://cliniqueduchellah.ma","2025-12-14 14:22:20"
"314","Hôpital Mohammed V",NULL,"Boulevard de l'Académie, 10100 Rabat","HÔPITAL","1000","0539986228",NULL,"https://hopitalmohammedv.ma/","2025-12-14 14:22:20"
"315","Clinique d'accouchement",NULL,NULL,"CLINIQUE","54",NULL,NULL,NULL,"2025-12-14 14:22:20"
"316","Clinique La Ménara",NULL,"Boulevard de la Menara, 40000 Marrakech","CLINIQUE","100","0524433333",NULL,NULL,"2025-12-14 14:22:20"
"317","D'ophtamologie Dc Rafi",NULL,NULL,"CLINIQUE","128",NULL,NULL,NULL,"2025-12-14 14:22:20"
"318","Dc Khachani",NULL,NULL,"CLINIQUE","43",NULL,NULL,NULL,"2025-12-14 14:22:20"
"319","Clinique Souissi",NULL,"Rue de la Clinique, Souissi, Rabat","CLINIQUE","150","0537634444",NULL,NULL,"2025-12-14 14:22:20"
"320","Laboratoire D'Analyses Medicales Abdelmoumen","131","Route de la Zitoune, 60000 Oujda","CLINIQUE","31","0536687474",NULL,NULL,"2025-12-14 14:22:20"
"321","Clinique des Ambassadeurs",NULL,"Rue des Ambassadeurs, Casablanca","CLINIQUE","120","0522334455","info@cliniquedesambassadeurs.ma","https://www.cliniquedesambassadeurs.ma","2025-12-14 14:22:20"
"322","Clinique du Sebou",NULL,"Route de Sidi Kacem, 24000 Kenitra","CLINIQUE","80","0537360331",NULL,NULL,"2025-12-14 14:22:20"
"323","Clinique du Bouregreg",NULL,"Route de Rabat, 27000 Salé","CLINIQUE","150","0527222222",NULL,NULL,"2025-12-14 14:22:20"
"324","Centre de Pédiatrie",NULL,NULL,"CLINIQUE","80",NULL,NULL,NULL,"2025-12-14 14:22:20"
"325","Centre de santé Ain el Haouzi","133","Chefchaouen, Province de Tanger-Tétouan-Al Hoceïma","CLINIQUE","40",NULL,NULL,NULL,"2025-12-14 14:22:20"
"326","Centre de santé Dhar Ben Ayed","133","Chefchaouen, Province de Tanger-Tétouan-Al Hoceïma","CLINIQUE","40",NULL,NULL,NULL,"2025-12-14 14:22:20"
"327","Centre hospitalier universitaire Hassan II",NULL,"BP 737, Avenue Ibn Sina, 20100 Fès","HÔPITAL","1200",NULL,"chufes@chufes.ma","https://chufes.ma","2025-12-14 14:22:20"
"328","clinique fedala مستشفى مولاي عبد الله",NULL,NULL,"CLINIQUE","80",NULL,NULL,NULL,"2025-12-14 14:22:20"
"329","clinique anfa",NULL,"Rue de l'Anfa, Casablanca","CLINIQUE","150","0522334455","clinique.anfa@maroc.hopitaux","https://cliniqueanfa.ma","2025-12-14 14:22:20"
"330","Centre de santé urbain et maison d'accouchements",NULL,NULL,"CLINIQUE","40",NULL,NULL,NULL,"2025-12-14 14:22:20"
"331","Institut de Formation aux Carrières de Santé (IFCS)",NULL,"Boulevard de l'Académie, 10100 Rabat","HÔPITAL","500","0537737373","ifcs@minss.gov.ma","https://www.minss.gov.ma/ifcs","2025-12-14 14:22:20"
"332","Hôpital Sidi Othmane",NULL,NULL,"HÔPITAL","600",NULL,NULL,NULL,"2025-12-14 14:22:20"
"333","Premiers secours",NULL,"Route de la ville, Beni Ensar","HÔPITAL","150","0612345678","premierssecours.beniensar@hopitaux.ma","https://www.hopitaux.ma/premiers-secours-beni-ensar","2025-12-14 14:22:20"
"334","Clinique Achifa","135","Route de Marrakech, Béni Mellal","CLINIQUE","50",NULL,"clinique.achifa@gmail.com",NULL,"2025-12-14 14:22:20"
"335","Laboratoire Central D'Analyses Médicales du Tadla","135","Route de Marrakech, Béni Mellal","HÔPITAL","400","0523486448",NULL,NULL,"2025-12-14 14:22:20"
"336","Clinique les oliviers","135","Boulevard Mohammed VI, Béni Mellal","CLINIQUE","50","0523483629","cliniquelosoliviers@gmail.com",NULL,"2025-12-14 14:22:20"
"337","Clinique Al adarissa","135","Route de Marrakech, Béni Mellal","CLINIQUE","150",NULL,"info@cliniqe-al-adarissa.ma","https://www.clinique-al-adarissa.ma","2025-12-14 14:22:20"
"338","Délégation de la santé Azilal",NULL,"Route de Marrakech, Azilal","CLINIQUE","150","0523458198","ds.azilal@minss.gov.ma",NULL,"2025-12-14 14:22:20"
"339","laboratoire dentaire",NULL,NULL,"CLINIQUE","20","0667900628",NULL,NULL,"2025-12-14 14:22:20"
"340","Clinique Atlas","135","Route de Marrakech, Béni Mellal","CLINIQUE","100","0523488725",NULL,NULL,"2025-12-14 14:22:20"
"341","clinique Assalam","135","Boulevard Mohammed VI, Béni Mellal","CLINIQUE","150",NULL,"clinique.assalam@benimellal.ma","https://cliniqueassalam.ma","2025-12-14 14:22:20"
"342","Clinique Alamal","135","Route de Marrakech, Béni Mellal","CLINIQUE","50",NULL,"cliniquealamal@gmail.com",NULL,"2025-12-14 14:22:20"
"343","Clinique Agadir des spécialités",NULL,"BP 2128, Agadir","CLINIQUE","120","0528848484",NULL,"https://www.docteurchliyah.com","2025-12-14 14:22:20"
"344","Clinique médicale عيادة طبية",NULL,"Adresse non trouvée","CLINIQUE","40",NULL,NULL,NULL,"2025-12-14 14:22:20"
"345","dispensaire",NULL,NULL,"HÔPITAL","20",NULL,NULL,NULL,"2025-12-14 14:22:20"
"346","الترويض الطبي",NULL,"الدار البيضاء","HÔPITAL","1000","0522222222","troiziatif@hassan2.edu.ma","https://www.hassan2.edu.ma","2025-12-14 14:22:20"
"347","Clinique Abdelmoumen",NULL,"Rue des Orangers, Casablanca","CLINIQUE","50","0522980298","clinique.abdelmoumen@gmail.com","https://cliniqueabdelmoumen.ma","2025-12-14 14:22:20"
"348","Clinique taghzout مصحة تاغزوت",NULL,"Route de Tanger, 80000 Tanger","CLINIQUE","150","0528332333","info@clinitaghzout.ma","http://cliniquetaghzout.com/","2025-12-14 14:22:20"
"349","Croissant Rouge Marocain",NULL,NULL,"CLINIQUE","20","0537374305","info@croissant-rouge.ma","https://www.croissant-rouge.ma/","2025-12-14 14:22:20"
"350","Hôpital Public Hay Said HAJJI",NULL,"Boulevard Mohammed VI, 40000 Marrakech","CLINIQUE","500",NULL,NULL,NULL,"2025-12-14 14:22:20"
"351","Clinique Assalam",NULL,"Rue de la Clinique, Casablanca","CLINIQUE","150","0522334455","info@cliniqueassalam.ma","https://cliniqueassalam.ma","2025-12-14 14:22:20"
"352","Azzouzi صيدلية العزوزي","136","Fés","HÔPITAL","600","0535960428",NULL,NULL,"2025-12-14 14:22:20"
"353","Centre de santé ksiba",NULL,NULL,"HÔPITAL","30",NULL,NULL,NULL,"2025-12-14 14:22:20"
"354","مصحة المطار",NULL,"Route de l'aéroport, Casablanca","CLINIQUE","200","0522334455","info@msahma.com","https://www.msahma.ma","2025-12-14 14:22:20"
"355","Clinique Maâmoura",NULL,"Rue de la Clinique, Maâmoura","CLINIQUE","150","0524680000","clinique.maamoura@hopitaux-marocains.ma","https://www.cliniquemaamoura.ma","2025-12-14 14:22:20"
"356","Clinique Benjelloun",NULL,"Rue Benjelloun, Casablanca","CLINIQUE","50","0522334455","clinique.benjelloun@gmail.com","https://cliniquebenjelloun.ma","2025-12-14 14:22:20"
"357","Centre Belge de rééducation et readaptation",NULL,NULL,"CLINIQUE","80",NULL,NULL,NULL,"2025-12-14 14:22:20"
"358","Clinique Slaiki",NULL,"Rue Slaiki, Casablanca","CLINIQUE","50","0535620775","info@cliniqueslaiki.ma","https://cliniqueslaiki.ma","2025-12-14 14:22:20"
"359","Clinique de fez",NULL,"Rue Abdessalam Sergini, Fès","CLINIQUE","80","0535620307",NULL,NULL,"2025-12-14 14:22:20"
"360","Clinique de l'os et du sport",NULL,NULL,"CLINIQUE","80",NULL,NULL,NULL,"2025-12-14 14:22:20"
"361","Clinique Oumouma",NULL,NULL,"CLINIQUE","120",NULL,NULL,NULL,"2025-12-14 14:22:20"
"362","Clinique Grand Atlas",NULL,"BP 115, Route de Rabat, Casablanca","CLINIQUE","150",NULL,"info@cliniquegrandatlas.ma","https://www.cliniquegrandatlas.ma","2025-12-14 14:22:20"
"363","Clinique El Hitmi",NULL,"Boulevard Mohammed V, Fès 30000","CLINIQUE","150","0535353535","info@elhitmi.ma","https://www.elhitmi.ma","2025-12-14 14:22:20"
"364","Clinique spécialisée Menara المصحة المختصة المنارة",NULL,"Boulevard de la Menara, Marrakech","CLINIQUE","150","0524433131",NULL,NULL,"2025-12-14 14:22:20"
"365","Clinique Dr Boudali",NULL,NULL,"CLINIQUE","60",NULL,NULL,NULL,"2025-12-14 14:22:20"
"366","Clinique Ben Moussa",NULL,"87 RUE OMAR EL DRISSI, Ville non spécifiée","CLINIQUE","30","0535622734",NULL,NULL,"2025-12-14 14:22:20"
"367","Hopital ait bayoud مستشفى أيت بيوض",NULL,"Route de la ville, Aït Bayoud, Province de Tiznit","HÔPITAL","150","0528888888","hopital.aitbayoud@maroc.hopitaux","https://hopital.aitbayoud.ma","2025-12-14 14:22:20"
"368","Hôpital Ben Guerir مستشفى ابن جرير",NULL,"Route de Marrakech, 43150 Ibn Sina, Ben Guerir, Marrakech-Safi","HÔPITAL","550",NULL,NULL,NULL,"2025-12-14 14:22:20"
"369","Clinique Almajd","136","Boulevard Mohammed VI, Fès","CLINIQUE","150","0535353535","info@cliniquealmajd.ma","https://www.cliniquealmajd.ma","2025-12-14 14:22:20"
"370","Centre Hémodialyse Moulay Driss",NULL,"Route de Rabat, 10000 Fès","CLINIQUE","20","0535636363",NULL,NULL,"2025-12-14 14:22:20"
"371","Clinique les Mimosas",NULL,NULL,"CLINIQUE","600",NULL,NULL,NULL,"2025-12-14 14:22:20"
"372","Clinique Les Jumelles",NULL,"Rue des Jumelles, Casablanca","CLINIQUE","100","0535656363","info@lesjumelles.ma","https://www.lesjumelles.ma","2025-12-14 14:22:20"
"373","Clinique Saada",NULL,"Rue de la Clinique, Casablanca","CLINIQUE","50","0522334455","cliniquesaada@gmail.com","https://cliniquesaada.ma","2025-12-14 14:22:20"
"374","clique assalam",NULL,"Ait Skatou","CLINIQUE","80","0535930185",NULL,NULL,"2025-12-14 14:22:20"
"375","Polyclinique du Rif مصحة الريف",NULL,"Route de Tanger, 52000 Al Hoceima","CLINIQUE","200","0539535353",NULL,NULL,"2025-12-14 14:22:20"
"376","Afergoulla",NULL,NULL,"HÔPITAL","80",NULL,NULL,NULL,"2025-12-14 14:22:20"
"377","Avicenne ابن سينا",NULL,"Rue Ibn Sina, Casablanca","CLINIQUE","500","0522793300","avicenne@hopitalavicenne.ma","https://www.hopitalavicenne.ma","2025-12-14 14:22:20"
"378","Hôpital Mariouari et Idoudouhan ⵙⴻⴱⴼⵉⵟⴰⵔ ⴻⵏ ⵢ'ⴷⵓⴷⵓⵃⴻⵏ مستشفى ماريواري وإدودوحن",NULL,NULL,"HÔPITAL","80",NULL,NULL,NULL,"2025-12-14 14:22:20"
"379","Centre de Santé Communal Iznaguen المركز السحي الجماعي إزناكن",NULL,NULL,"CLINIQUE","40",NULL,NULL,NULL,"2025-12-14 14:22:20"
"380","Clinique Bournazel",NULL,NULL,"CLINIQUE","80",NULL,NULL,NULL,"2025-12-14 14:22:20"
"381","Laboratoire d'analyses médicales Attacharouk",NULL,NULL,"CLINIQUE","80",NULL,NULL,NULL,"2025-12-14 14:22:20"
"382","Poste médical",NULL,NULL,"HÔPITAL","600",NULL,NULL,NULL,"2025-12-14 14:22:20"
"383","département médico technique centre de diagnostic",NULL,NULL,"HÔPITAL","700",NULL,NULL,NULL,"2025-12-14 14:22:20"
"384","Centre de santé comunal Birganouz",NULL,NULL,"CLINIQUE","40",NULL,NULL,NULL,"2025-12-14 14:22:20"
"385","Polyclinique Annakhil",NULL,NULL,"CLINIQUE","90","0535693704","info@polyclinique-annakhil.ma","https://www.polyclinique-annakhil.ma/","2025-12-14 14:22:20"
"386","clinique Zohour",NULL,"Avenue Mohammed VI, 10000 Casablanca","CLINIQUE","150","0522334455","info@cliniquezohour.ma","https://cliniquezohour.ma","2025-12-14 14:22:20"
"387","Clinique Rabat Zaers",NULL,"Boulevard Mohammed VI, Zaers, Rabat","CLINIQUE","120","0537656565",NULL,NULL,"2025-12-14 14:22:20"
"388","Cabinet Cardiologue",NULL,NULL,"CLINIQUE","30","0535641464",NULL,NULL,"2025-12-14 14:22:20"
"389","Cabinet de Rheumatologie",NULL,"rue mohamed ZARKTOUNI, Fès","HÔPITAL","600","0535625099",NULL,NULL,"2025-12-14 14:22:20"
"390","Arrazi Radiologie","144","Tanger","CLINIQUE","40",NULL,NULL,NULL,"2025-12-14 14:22:20"
"391","Centre De Biologic Medicale","144","Zone Industrielle, Tanger","CLINIQUE","300","0539933131","cbm@cbm.ma","https://www.cbm.ma","2025-12-14 14:22:20"
"392","Laboratore de Biologie Medicale Casa Analyses",NULL,"Rue de la Biologie Médicale, Casa-Annees","CLINIQUE","500","0522334455","info@casanalyses.ma","https://www.casanalyses.ma","2025-12-14 14:22:20"
"393","Clinique Aoufi","144","Tanger","CLINIQUE","50","0539935353","clinique.aoufi@gmail.com","https://clinique-aoufi.ma","2025-12-14 14:22:20"
"394","Clinique Zarhoun",NULL,"Rue Hassan II, Casablanca","CLINIQUE","150","0522434343","info@cliniquezarhoun.ma","https://cliniquezarhoun.ma","2025-12-14 14:22:20"
"395","Clinique les princes مصحة الأمراء",NULL,"Rue des Princes, Casablanca","HÔPITAL","150","0522334455","info@lesprinces.ma","https://www.lesprinces.ma","2025-12-14 14:22:20"
"396","Infirmary",NULL,NULL,"HÔPITAL","70",NULL,NULL,NULL,"2025-12-14 14:22:20"
"397","Clinique Hamdani",NULL,"Boulevard Mohammed VI, 20100 Casablanca","CLINIQUE","150","0522334455","clinique.hamdani@gmail.com","https://cliniquehamdani.ma","2025-12-14 14:22:20"
"398","Clinique Hermitage",NULL,"Boulevard de l'Académie, 10 000 Rabat","CLINIQUE","120","0537737373","clinique.hermitage@maroc.dz","https://clinique-hermitage.ma","2025-12-14 14:22:20"
"399","Chirurgie Generale Medecine Nucleaire",NULL,"Rue des Champs-Élysées, Casablanca","CLINIQUE","150","0522334455","info@chirurgiegeneralemedecine.com","https://chirurgiegeneralemedecine.ma","2025-12-14 14:22:20"
"400","Mosah Medical",NULL,"Boulevard de l'Armée Royale, 10170 Casablanca","CLINIQUE","200","0522334455","info@mosahmedical.ma","https://www.mosahmedical.ma","2025-12-14 14:22:20"
"401","clinique nour",NULL,"6 rue Kasem Amine, [ville non spécifiée]","CLINIQUE","80","0535944647",NULL,NULL,"2025-12-14 14:22:20"
"402","clinique haj abdehadi",NULL,"Ain Kadous, Fès","CLINIQUE","70","0535700470",NULL,NULL,"2025-12-14 14:22:20"
"403","Centre Ibtissam",NULL,NULL,"CLINIQUE","60",NULL,NULL,NULL,"2025-12-14 14:22:20"
"404","Cabinet Medicale",NULL,NULL,"CLINIQUE","50",NULL,NULL,NULL,"2025-12-14 14:22:20"
"405","Cabinet De Pêdiatrie",NULL,NULL,"CLINIQUE","50",NULL,NULL,NULL,"2025-12-14 14:22:20"
"406","Riyadh Al Qastani Hospital مستشفى رياض القسطاني",NULL,"Riyadh Al Qastani Hospital, Casablanca","HÔPITAL","500","0522334455","info@riyadh-al-qastani-hospital.ma","https://www.riyadh-al-qastani-hospital.ma","2025-12-14 14:22:20"
"407","أمراض القلب",NULL,"الدار البيضاء","CLINIQUE","40","0522369785",NULL,NULL,"2025-12-14 14:22:20"
"408","مصحة المبادرة",NULL,"الدار البيضاء","CLINIQUE","150","0522792345",NULL,NULL,"2025-12-14 14:22:20"
"409","clinique kindi",NULL,NULL,"CLINIQUE","80",NULL,NULL,NULL,"2025-12-14 14:22:20"
"410","clinique Elmouahidin",NULL,"Rue El Mokhtar Arssna, 40000 Marrakech","CLINIQUE","70","0524433131",NULL,NULL,"2025-12-14 14:22:20"
"411","clinique ain saba3",NULL,NULL,"CLINIQUE","500",NULL,NULL,NULL,"2025-12-14 14:22:20"
"412","Clinique Andalouss مصحة الاندلس",NULL,"Boulevard Mohammed VI, 40000 Marrakech","CLINIQUE","150","0524434343","info@cliniqueandalouss.ma","https://www.cliniqueandalouss.ma","2025-12-14 14:22:20"
"413","Laboratory",NULL,NULL,"HÔPITAL","120",NULL,NULL,NULL,"2025-12-14 14:22:20"
"414","Akdital Clinique Ain Berja",NULL,"Route de la clinique, Ain Berja","CLINIQUE","120","0588833456","info@akdital.ma","https://www.akdital.ma","2025-12-14 14:22:20"
"415","clinique firdaous",NULL,NULL,"CLINIQUE","80",NULL,NULL,NULL,"2025-12-14 14:22:20"
"416","Obstetrics and Gynecology Clinic",NULL,NULL,"CLINIQUE","60",NULL,NULL,NULL,"2025-12-14 14:22:20"
"417","مصحة تعاضدية رجال التعليم - كنوبس",NULL,"Route de Kenouas, Kenouas, Kenitra","CLINIQUE","200","0535444444","mohamed.aziz@edu.ma","https://www.education.ma","2025-12-14 14:22:20"
"418","مركز الفحص بالاشعة- النافورة",NULL,"Rue de la Nafoura, Casablanca","CLINIQUE","40","0537361942",NULL,NULL,"2025-12-14 14:22:20"
"419","Dr Badaoui ABDELLATIF Ophtalmo",NULL,NULL,"CLINIQUE","40",NULL,NULL,NULL,"2025-12-14 14:22:20"
"420","مستشفى",NULL,"Route de Fes, 53000 Beni Mellal","CLINIQUE","500",NULL,"hopital.benimellal@ministere-sante.gov.ma","https://www.hopital-benimellal.ma","2025-12-14 14:22:20"
"421","polyclinique dar asseha",NULL,NULL,"CLINIQUE","80","0535516110",NULL,NULL,"2025-12-14 14:22:20"
"422","Hospital CNSS",NULL,"BP 1346, Rabat","HÔPITAL","1000","0537737373",NULL,NULL,"2025-12-14 14:22:20"
"423","Cabinet Dr Siham BENALI OUMJOUD",NULL,"Route de Sidi Allal El Bahraoui, Sidi Allal El Bahraoui","HÔPITAL","50","0528233456","dr.siham.benali@hopital-sidi-allal-el-bahraoui.ma","https://cabinet-docteur-siham-benali-oumjoud.business.site/website/cabinet-docteur-siham-benali-oumjoud/","2025-12-14 14:22:20"
"424","Urgences","149","Route de la plage, Tit Mellil","HÔPITAL","150","0522331777","urgences.titmellil@hopital-marocain.ma","https://hopital-marocain.ma/urgences-tit-mellil","2025-12-14 14:22:20"
"425","مصحة الوفاق - Infirmerie Alwifak",NULL,"Route de Rabat, 10000 Casablanca","CLINIQUE","200","0522334455","infirmerie.alwifak@gmail.com","https://www.alwifak-hospital.ma","2025-12-14 14:22:20"
"426","Hôpital Privé Al Khiraoui",NULL,"Rue Al Khiraoui, Casablanca","HÔPITAL","200","0522334455","info@al-khiraoui.ma","https://www.al-khiraoui.ma","2025-12-14 14:22:20"
"427","مستوصف حي عين الرحمة",NULL,"الدار البيضاء, مقاطعة عين الرحمة","HÔPITAL","50",NULL,NULL,NULL,"2025-12-14 14:22:20"
"428","مستشفى الحسن الثاني",NULL,"Route de Rabat, 10 000 Casablanca","HÔPITAL","1200","0537633333","info@hopital-hassan2.ma","https://hopital-hassan2.ma","2025-12-14 14:22:20"
"429","Mustawsaf Sidi Zouine",NULL,"Route de Sidi Zouine, 24000 Sidi Zouine","CLINIQUE","200","0528833333","mustawsaf.sidi.zouine@minss.gov.ma","https://www.minss.gov.ma","2025-12-14 14:22:20"
"430","Centre Hospitalier Provincial Mohammed VI","150","Route de Targuist, 02300 Al Hoceima","HÔPITAL","400","0539831200",NULL,NULL,"2025-12-14 14:22:20"
"431","مصحة طب الأعين الشيخ مول العينين",NULL,"الدار البيضاء","CLINIQUE","50","0537882796",NULL,NULL,"2025-12-14 14:22:20"
"432","عزيزي فاطمة",NULL,"الرباط, Rue de la Liberté, 10000","CLINIQUE","500","0537761234","info@hospitalezzizifatima.ma","https://hospitalezzizifatima.ma","2025-12-14 14:22:20"
"433","عيادة ابن سينا",NULL,"Rue Ibn Sina, Casablanca","CLINIQUE","200","0522334455","info@ibnsina.ma","https://www.ibnsina.ma","2025-12-14 14:22:20"
"434","مستشفى سيدي قاسم",NULL,"Route de Sidi Qasim, Sidi Qasim","HÔPITAL","250","0525831234","moh@hopital-sidiqasim.ma","https://hopital-sidiqasim.ma","2025-12-14 14:22:20"
"435","المستشفى البلدي الحي المحمدي",NULL,"Route de Casablanca, Hay Mohammadi, Rabat","CLINIQUE","500","0537733131",NULL,NULL,"2025-12-14 14:22:20"
"436","Clinical Les Fleurs",NULL,NULL,"HÔPITAL","400",NULL,NULL,NULL,"2025-12-14 14:22:20"
"437","طبيب النساء و التوليد",NULL,NULL,"HÔPITAL","400","0535468282",NULL,"http://gynecomeknes.ma","2025-12-14 14:22:20"
"438","المركز الصحي الحضري المستوى 1 الوحدة",NULL,NULL,"HÔPITAL","600",NULL,NULL,NULL,"2025-12-14 14:22:20"
"439","Clinique El Wahda",NULL,"Rue El Wahda, Casablanca","HÔPITAL","150","0522334455","info@elwahda.ma","https://www.elwahda.ma","2025-12-14 14:22:20"
"440","Centre d'Hémodialyse",NULL,NULL,"HÔPITAL","300",NULL,NULL,NULL,"2025-12-14 14:22:20"
"441","Centre Hospitalier Provincial de Benslimane",NULL,"Route de Casablanca, 43 260 Benslimane","HÔPITAL","300","0524980000",NULL,NULL,"2025-12-14 14:22:20"
"442","pratic fatima",NULL,NULL,"CLINIQUE","50",NULL,NULL,NULL,"2025-12-14 14:22:20"
"443","TARFAYA",NULL,"Route de l'aéroport, 23000 Tarfaya","HÔPITAL","150","0528831234",NULL,NULL,"2025-12-14 14:22:20"
"444","مستشفى",NULL,NULL,"HÔPITAL","450",NULL,NULL,NULL,"2025-12-14 14:22:20"
"445","SOS Medecin Rabat","152","Boulevard Mohammed V, 10000 Rabat","CLINIQUE","100","0537737373","rabat@sosmedecin.ma","https://www.citydoctor.ma/assistance-médicale","2025-12-14 14:22:20"
"446","Optique Al Qods","153",NULL,"HÔPITAL","350",NULL,NULL,NULL,"2025-12-14 14:22:20"
"447","Cabinet d'Endocrinologie Dr AMGHAR FATIHA","154","Route de l'Agdal, Agadir","HÔPITAL","20","0528833333","fatihamghar@endocrinologie.com","https://www.endocrinologie-agadir.com","2025-12-14 14:22:20"
"448","المستعجلات",NULL,"Adresse non trouvée","HÔPITAL","450",NULL,NULL,NULL,"2025-12-14 14:22:20"
"449","Centre de Santé Rural",NULL,NULL,"CLINIQUE","20",NULL,NULL,NULL,"2025-12-14 14:22:20"
"450","Centre de Santé Rural Niveau 2",NULL,NULL,"CLINIQUE","40",NULL,NULL,NULL,"2025-12-14 14:22:20"
"451","Centre de Santé Rural Niveau 1 Boutferda",NULL,NULL,"CLINIQUE","30",NULL,NULL,NULL,"2025-12-14 14:22:20"
"452","Hôpital de Proximité Rich",NULL,NULL,"HÔPITAL","600",NULL,NULL,NULL,"2025-12-14 14:22:20"
"453","Health Center Imzouren","150","Route de Targuist, Imzouren, Al Hoceima","HÔPITAL","50","0539882345","centre.sante.imzouren@minss.gov.ma",NULL,"2025-12-14 14:22:20"
"454","Kiné oum & co","155","Avenue des F.A.R., 20100 Casablanca","HÔPITAL","20","0673240366",NULL,NULL,"2025-12-14 14:22:20"
"455","مصحة طب العيون فاس OCF",NULL,"Route de Taza, Fes","CLINIQUE","200","0535633131","info@ocf.ma","https://www.ocf.ma","2025-12-14 14:22:20"
"456","Hospital Amizmiz",NULL,"Route de Marrakech, Amizmiz, Marrakech","HÔPITAL","200","0661190404",NULL,NULL,"2025-12-14 14:22:20"
"457","مستشفى مولاي الحسن",NULL,"Route de Rabat, 10000 Rabat","HÔPITAL","500","0537733333",NULL,NULL,"2025-12-14 14:22:20"
"458","مستشفى بانيو",NULL,"Route de Bani Ouarain, Bni Ouarain","HÔPITAL","120","0524831111",NULL,NULL,"2025-12-14 14:22:20"
"459","Centre de santé Ouled Berhil",NULL,NULL,"CLINIQUE","40",NULL,NULL,NULL,"2025-12-14 14:22:20"
"460","مستشفى بن صميم",NULL,"Route de Tanger, 40000, Tanger","HÔPITAL","500","0539933131",NULL,NULL,"2025-12-14 14:22:20"
"461","المركز الصحي ويسلان 2",NULL,"Route de Wislan, 43150 Wislan","HÔPITAL","150","0525832314","wislancentral@hopital.ma","https://hopitalwislancentral.ma","2025-12-14 14:22:20"
"462","Centre de Santé Rural Belyounech","156","Route de Tétouan, Belyounech","CLINIQUE","150","0538831234","csr.belyounech@minss.gov.ma",NULL,"2025-12-14 14:22:20"
"463","Optical Shop",NULL,NULL,"HÔPITAL","0",NULL,NULL,NULL,"2025-12-14 14:22:20"
"464","Ait ourir",NULL,NULL,"HÔPITAL","600",NULL,NULL,NULL,"2025-12-14 14:22:20"
"465","Polyclinique Atlas مصحة اطلس",NULL,"Boulevard Mohammed VI, Rabat","CLINIQUE","150","0537737373","info@polycliniqueatlas.ma","https://www.polycliniqueatlas.ma","2025-12-14 14:22:20"
"466","Hospital moulay Ismail",NULL,"Route de Meknès, 23150 Meknès","HÔPITAL","1000","0535632200",NULL,NULL,"2025-12-14 14:22:20"
"467","Parmacie Ichbilya",NULL,NULL,"HÔPITAL","0",NULL,NULL,NULL,"2025-12-14 14:22:20"
"468","Infirmier à domicile","157","Route de Marrakech, 48430 Youssoufia","HÔPITAL","50","0670056227",NULL,NULL,"2025-12-14 14:22:20"
"469","جميع العلاجات التمريضية اليوسفية","157","Route de Marrakech, 48400 Youssoufia","HÔPITAL","500","0670056227",NULL,NULL,"2025-12-14 14:22:20"
"470","هشام الفرملي","158","Route de Meknès, Chemaa","HÔPITAL","0","0670056227",NULL,NULL,"2025-12-14 14:22:20"
"471","هشام الفرملي","159","Route de la ville, Echemmaia ⵛⵎⴰⵄⵉⵢⴰ الشماعية","HÔPITAL","150","0670056227","hisham.fermli@hopital.ma","https://hopital.ma/hisham-fermli","2025-12-14 14:22:20"
"472","HOPITAL DE JOUR","160","Route de la ville, 26000 Khouribga","HÔPITAL","250",NULL,"hopitaldejhouribga@hopitaux.gov.ma","https://www.hopitaldejhouribga.ma","2025-12-14 14:22:20"
"473","Service des urgences",NULL,"Route de Meknès, 26000 Khouribga","HÔPITAL","200","0583838383",NULL,NULL,"2025-12-14 14:22:20"
"474","infirmerie",NULL,"Route de la ville, 48400 Youssoufia","HÔPITAL","150","0670056227","infirmerie.youssoufia@hopitaux-marocains.ma","https://www.hopitaux-marocains.ma/infirmerie-youssoufia","2025-12-14 14:22:20"
"475","Infirmerie tous type de soins",NULL,"Route de Marrakech, 48400 Youssoufia","HÔPITAL","80","0670056227",NULL,NULL,"2025-12-14 14:22:20"
"476","hopital de douar",NULL,NULL,"HÔPITAL","50",NULL,NULL,NULL,"2025-12-14 14:22:20"
"477","المستشفى الجامعي الاقليمي",NULL,"Route de l'aéroport, 40000 Marrakech","HÔPITAL","500","0524432211","univ.marrakech@edu.ma","https://www.univ-marrakech.ac.ma","2025-12-14 14:22:20"
"478","Hôpital Provincial 20 Août",NULL,"Route de l'Hôpital, 40000 Marrakech","HÔPITAL","500","0524433131","hopital20aout@gmail.com","https://www.hopital20aout.ma","2025-12-14 14:22:20"
"479","Hopital charifa",NULL,NULL,"HÔPITAL","120",NULL,NULL,NULL,"2025-12-14 14:22:20"
"480","Clinique de L'Universite",NULL,NULL,"HÔPITAL","150",NULL,NULL,"https://cliniquedeluniversite.ma/","2025-12-14 14:22:20"
"481","Clinique Internationale",NULL,"BP 2155, Route de Rabat, Casablanca","HÔPITAL","500","0522393939",NULL,NULL,"2025-12-14 14:22:20"
"482","APEX Dental Clinic","144","Rue de la Mer, Tanger","HÔPITAL","10","0539933456","info@apexdentalclinic.ma","https://www.apexdentalclinic.ma","2025-12-14 14:22:20"
"483","Polyclinique Belvédère",NULL,"Rue Ibn Sina, Quartier Hadj Mustapha El Alami, Casablanca","CLINIQUE","80","0522434343",NULL,"https://www.cliniquebelvedere.ma","2025-12-14 14:22:20"
"484","Hôpital Princesse Lalla Meriem","163","Route de Rabat, 11600 Larache","HÔPITAL","300",NULL,"hplm@minss.gov.ma","https://www.minss.gov.ma","2025-12-14 14:22:20"
"485","Polyclinique Lixus","163","Route de la Plage, 12200 Larache","HÔPITAL","150","0409823456","info@polycliniquelixus.ma","https://www.polycliniquelixus.ma","2025-12-14 14:22:20"
"486","Projet Centre Hospitalier Provincial d'Ouezzane","164","Route de Tanger, 24000 Ouazzane","HÔPITAL","300",NULL,NULL,NULL,"2025-12-14 14:22:20"
"487","Centre de Santé Urbain المركز الصحي الحضري","164","Route de Meknès, Ouazzane","HÔPITAL","150",NULL,NULL,NULL,"2025-12-14 14:22:20"
"488","Centre de Santé Urbain 9 Juillet","164","Ouazzane","HÔPITAL","60",NULL,NULL,NULL,"2025-12-14 14:22:20"
"489","مصحة متعددة الاختصاصات وزان دار الضمانة",NULL,"Ouazzane","HÔPITAL","200","0661123456","info@hospitalezan.com","https://hospitalezan.com","2025-12-14 14:22:20"
"490","Hôpital Abou El Kacem Zahraoui_Ouazzane مستشفى أبو القاسم الزهراوي وزان","164","Route de Tanger, 24100 Ouazzane","HÔPITAL","250",NULL,"hazouazane@minss.gov.ma","https://www.minss.gov.ma","2025-12-14 14:22:20"
"491","Hôpital","166","Route de Tanger, 24000 Assilah","HÔPITAL","250","0398523456","hopital.assilah@minss.gov.ma","https://www.minss.gov.ma/fr/hopitaux/hopital-assilah","2025-12-14 14:22:20"
"492","Hôpital Le Croissant Rouge d'Asilah","166","Route de Rabat, 92030 Asilah","HÔPITAL","200",NULL,NULL,NULL,"2025-12-14 14:22:20"
"494","Clinique Tingis","144","Tingis, Tanger","HÔPITAL","400",NULL,NULL,NULL,"2025-12-14 14:22:20"
"495","Clinique Longchamps مصحة لونشون",NULL,"Rue de la Clinique, Casablanca","CLINIQUE","150","0522334455","info@cliniquelongchamps.ma","https://cliniquelongchamps.ma/","2025-12-14 14:22:20"
"496","Clinique Ghandi مصحة غاندي",NULL,NULL,"CLINIQUE","80",NULL,NULL,"https://www.ghandiclinic.com/","2025-12-14 14:22:20"
"497","Hôpital Privé International de Casablanca المستشفى الخاص الدولي للدار البيضاء",NULL,"Boulevard Sidi Mohammed Ben Abdallah, 20100 Casablanca","HÔPITAL","200","0522432222",NULL,"https://www.hpi.ma/","2025-12-14 14:22:20"
"498","Clinique Maghreb مصحة المغرب",NULL,"Avenue Hassan II, 10000 Rabat","CLINIQUE","100","0662334085","info@cliniquemaghreb.ma","https://www.cliniquemaghreb.ma","2025-12-14 14:22:20"
"499","Clinique Al Massira مصحة المسيرة",NULL,"Route de Safi, 40000 Marrakech","CLINIQUE","150","0524432222","info@almassira.ma","https://cliniquealmassira.com/","2025-12-14 14:22:20"
"500","Clinique Les Iris مصحة السوسن",NULL,NULL,"CLINIQUE","80",NULL,NULL,NULL,"2025-12-14 14:22:20"
"501","Akdital oasis",NULL,"Rue de la République, Casablanca","HÔPITAL","200","0522334455","info@akditaloasis.ma","https://www.akditaloasis.ma","2025-12-14 14:22:20"
"502","مستوصف آيت حسان Dispensaire rural d’Aït Hassan","168","Route de Timitar, Aït Hassan","CLINIQUE","20","0677889900","moustachait hassan@gmail.com","https://moustachait-hassan.ma","2025-12-14 14:22:20"
"503","La Symphony Dental Centre",NULL,"Rue de la Liberté, Tanger","HÔPITAL","400","0539933333","info@lasymphonydentalcentre.com","https://lasymphonydental.com/","2025-12-14 14:22:20"
"504","Centre de Santé Said Noussairi","144","Rue Said Noussairi, Tanger","HÔPITAL","500","0663613242",NULL,NULL,"2025-12-14 14:22:20"
"505","Clinique Racine مصحة راسين",NULL,"Rue de la Clinique, Casablanca","CLINIQUE","150","0522334455","info@cliniqueracine.ma","https://www.cliniqueracine.ma","2025-12-14 14:22:20"
"506","Clinique Le Parc",NULL,"BP 1234, 10000 Rabat","CLINIQUE","150","0537233456","info@leparc.ma","https://www.leparc.ma","2025-12-14 14:22:20"
"507","Clinique Rachidi",NULL,"BP 114, Avenue Hassan II, 40000 Marrakech","CLINIQUE","100","0524383838","cliniquerachidi@gmail.com","https://www.cliniquerachidi.ma","2025-12-14 14:22:20"
"508","Best Way Medical",NULL,"Boulevard Mohammed VI, Casablanca","CLINIQUE","200","0522334455","info@bestwaymedical.ma","https://www.bestwaymedical.ma","2025-12-14 14:22:20"
"509","Clinique Val d'Anfa مصحة ڤال أنفا",NULL,"Rue des Orangers, 20250 Casablanca","CLINIQUE","150","0522434343","info@cliniquevaldanza.ma","https://cliniquevaldanza.ma/","2025-12-14 14:22:20"
"510","Clinique Attal",NULL,"Rue des Oliviers, 20100 Casablanca","HÔPITAL","150","0522212121","clinique.attal@clinique-attal.ma","https://www.clinique-attal.ma/","2025-12-14 14:22:20"
"511","Clinique Maarif مصحة المعاريف",NULL,"Route de Casablanca, Maarif, Rabat","CLINIQUE","120","0537733333",NULL,NULL,"2025-12-14 14:22:20"
"512","Clinique Socrate",NULL,NULL,"HÔPITAL","600",NULL,NULL,NULL,"2025-12-14 14:22:20"
"513","maison d'accochement","170",NULL,"HÔPITAL","40",NULL,NULL,NULL,"2025-12-14 14:22:20"
"514","مركز طب الادمان Centre d'Addictologie, Meknès",NULL,"Route de Fès, Meknès","HÔPITAL","100",NULL,"centre.addictologie.meknes@minss.gov.ma","https://www.minss.gov.ma/fr/centre-addictologie-meknes","2025-12-14 14:22:20"
"515","centre sante fom oued","171","Oued Sidi Ali Belkacem","HÔPITAL","150","0611223344","centre.sante.fom.oued@gmail.com","https://centresante.fom.oued.ma","2025-12-14 14:22:20"
"516","Hôpital Privé de Casablanca Aîn Sebaâ",NULL,"Avenue de l'Armée Royale, Ain Sebaa, Casablanca","CLINIQUE","300","0522434343",NULL,NULL,"2025-12-14 14:22:20"
"517","Clinique Yasmine",NULL,"BP 1234, 10000 Casablanca","CLINIQUE","150","0522123456","info@clinique-yasmine.ma","https://www.clinique-yasmine.ma","2025-12-14 14:22:20"
"518","Hospital Ibn Zohr",NULL,"Route de l'Aéroport, 80000 Agadir","HÔPITAL","500","0528833131",NULL,NULL,"2025-12-14 14:22:20"
"519","مستشفى سيدي عبد الكريم",NULL,"Route de Sidi Bouzid, 43150 Sidi Kacem","HÔPITAL","200",NULL,"mohamed@gmail.com","https://www.mshsidiabdalkarim.ma","2025-12-14 14:22:20"
"520","مستشفى محمد الخامس",NULL,"الرباط, Morocco, Avenue Mohammed V, 10000","HÔPITAL","1000","0537735151",NULL,NULL,"2025-12-14 14:22:20"
"521","مستشفى بياضة",NULL,"الدار البيضاء","HÔPITAL","500","0537737373",NULL,NULL,"2025-12-14 14:22:20"
"522","abda",NULL,NULL,"HÔPITAL","350",NULL,NULL,NULL,"2025-12-14 14:22:20"
"523","ocp",NULL,"Boulevard de l'Académie, 10100 Marrakech","HÔPITAL","1000","0524434141","contact@ocp.ma","https://www.ocp.ma","2025-12-14 14:22:20"
"524","Centre De Sante Sfa (Safi)",NULL,"Route de l'aéroport, 86000 Safi","HÔPITAL","150","0081732334","cde.sfa@minss.gov.ma","https://www.minss.gov.ma/fr/centre-de-sante-sfa-safi","2025-12-14 14:22:20"
"525","Hôpital Mohammed V","144","Boulevard Mohammed VI, Tanger","HÔPITAL","500","0539939393",NULL,NULL,"2025-12-14 14:22:20"
"526","jrayefate",NULL,NULL,"HÔPITAL","40",NULL,NULL,NULL,"2025-12-14 14:22:20"
"527","مستشفى المطار",NULL,"Route de l'aéroport, Casablanca","HÔPITAL","500","0522334455","info@airport.hospital.ma","https://airport.hospital.ma","2025-12-14 14:22:20"
"528","Centre Hospitalier Universitaire Ibn Rochd المركز الإستشفائي الجامعي إبن رشد",NULL,"Boulevard de l'Académie, Casablanca","HÔPITAL","1000",NULL,"chu.ibnrochd@minss.gov.ma","https://chuibnrochd.ma/","2025-12-14 14:22:20"
"529","University hospital Hassan II",NULL,"BP 5495, Avenue Ibn Sina, Casablanca","HÔPITAL","1000","0522432222",NULL,NULL,"2025-12-14 14:22:20"
"530","Clinique Bades","150","Route de Targuist, Al Hoceima 32000","HÔPITAL","150","0539880000",NULL,NULL,"2025-12-14 14:22:20"
"531","Clinique rif","129","Tétouan","HÔPITAL","80",NULL,NULL,NULL,"2025-12-14 14:22:20"
"532","Centre de dialyse Arrayane","129","Rue Arrayane, Tétouan","HÔPITAL","50","0539933333",NULL,NULL,"2025-12-14 14:22:20"
"533","CHU Ibn Sina (Souissi)",NULL,"Boulevard d'Agdal, 10170 Rabat","HÔPITAL","1000","0537774444",NULL,NULL,"2025-12-14 14:22:20"
"534","Hôpital Militaire Mohammed V - المستشفى العسكري محمد الخامس",NULL,"Boulevard Moulay Abdellah, Rabat 10000","HÔPITAL","500","0537733131",NULL,NULL,"2025-12-14 14:22:20"
"535","Polyclinique",NULL,NULL,"HÔPITAL","120",NULL,NULL,NULL,"2025-12-14 14:22:20"
"536","Clinique de Taounate",NULL,NULL,"HÔPITAL","60",NULL,NULL,NULL,"2025-12-14 14:22:20"
"537","Hopital de Taounate",NULL,"Route de Meknès, 32400 Taounate","HÔPITAL","300","0537833333","hopital.de.taounate@minss.gov.ma","https://www.minss.gov.ma","2025-12-14 14:22:20"
"538","Hôpital de Chichaoua مستشفى شيشاوة","173","Route de Marrakech, 28000 Chichaoua","HÔPITAL","150","0528833333","hchichaoua@minss.gov.ma","https://www.minss.gov.ma/hchichaoua","2025-12-14 14:22:20"
"539","Hôpital Des Enfants Du CHU Ibn Sina",NULL,"BP 640, Avenue Ibn Sina, Rabat","HÔPITAL","500","0537632100",NULL,NULL,"2025-12-14 14:22:20"
"540","Maternite du Souissi / CHU Ibn SIna",NULL,"Boulevard Ibn Sina, 10000 Rabat","HÔPITAL","1000","0537771717",NULL,NULL,"2025-12-14 14:22:20"
"541","Centre de diagnostic مركز التشخيص",NULL,"Route de la plage, Nazaré, Province de Nador","HÔPITAL","600",NULL,NULL,NULL,"2025-12-14 14:22:20"
"542","Clinique an-Nakhil","129","Tétouan","HÔPITAL","150","0539933333","info@an-nakhil.ma","https://an-nakhil.ma/","2025-12-14 14:22:20"
"543","Clinique Tétouan","129","Route de la ville, Tétouan","HÔPITAL","150","0539933456","cliniquetetouan@gmail.com","https://cliniquetetouan.ma","2025-12-14 14:22:20"
"544","Centre de santé",NULL,NULL,"HÔPITAL","40",NULL,NULL,NULL,"2025-12-14 14:22:20"
"545","Clinique Chifa",NULL,"BP 1234, Avenue Hassan II, Casablanca","CLINIQUE","150","0522345678","info@cliniquechifa.ma","https://www.cliniquechifa.ma","2025-12-14 14:22:20"
"546","Polyclinique CNSS Ziraoui",NULL,"Boulevard Ziraoui, Casablanca","HÔPITAL","150",NULL,"info@polycliniquecnssziraoui.ma","https://www.polycliniquecnssziraoui.ma","2025-12-14 14:22:20"
"547","Clinic Lina",NULL,NULL,"CLINIQUE","40",NULL,NULL,NULL,"2025-12-14 14:22:20"
"548","Laboratoire analyse médicale Latifa Ouali",NULL,"Avenue Hassan II, 10000 Rabat","HÔPITAL","200","0537737373","info@lamr.org","https://www.lamr.org","2025-12-14 14:22:20"
"549","Clinique Belvedere Centre De Cardiologie",NULL,"BP 1355, Route d'El Jadida, Casablanca","HÔPITAL","600",NULL,NULL,NULL,"2025-12-14 14:22:20"
"550","Clinique Le Littoral",NULL,"BP 134, 2ème étage, Angle Avenue de l'Armée Royale et Boulevard Moulay Abdellah, Casablanca","HÔPITAL","100","0522434343",NULL,"https://www.cliniquelittoral.ma","2025-12-14 14:22:20"
"551","Clinic Guess",NULL,NULL,"CLINIQUE","80",NULL,NULL,NULL,"2025-12-14 14:22:20"
"552","Clinique Sidi Othmane",NULL,"Rue Sidi Othmane, Casablanca","CLINIQUE","150","0522334455","cliniquesidiothmane@gmail.com","https://cliniquesidiothmane.ma","2025-12-14 14:22:20"
"553","Abi Kacem Zehraoui أبي قاسم الزهراوي",NULL,"Route de l'Université, BP 6419, Rabat","HÔPITAL","1000","0537733131","azh@hcup.ma","http://www.hcup.ma","2025-12-14 14:22:20"
"554","Hopital l Hassani",NULL,NULL,"HÔPITAL","700",NULL,NULL,NULL,"2025-12-14 14:22:20"
"555","Hôpital Ahfir",NULL,"Route de Meknès, Ahfir, Meknès","HÔPITAL","150","0535582300",NULL,NULL,"2025-12-14 14:22:20"
"556","Hopital Ibn Baja",NULL,"Boulevard Mohammed VI, 40000 Marrakech","HÔPITAL","500","0524383838","hopital.ibn.baja@msssi.ma","https://hopitalibnbaja.ma","2025-12-14 14:22:20"
"557","Nouveau Hopital My Abdellah",NULL,NULL,"HÔPITAL","750",NULL,NULL,NULL,"2025-12-14 14:22:20"
"558","Hopital 20 Aout",NULL,"Boulevard de l'Armée Royale, 20100 Casablanca","HÔPITAL","500","0522222222","hopital20aout@marocmail.com","https://hopital20aout.ma","2025-12-14 14:22:20"
"559","Hôpital Hassan II مستشفى الحسن الثاني",NULL,"Boulevard de l'Oasis, 20100 Casablanca","HÔPITAL","1200",NULL,NULL,"https://www.hopital-hassan2.ma","2025-12-14 14:22:20"
"560","مولاي إسماعيل","174","Route de Tadla, Kasba Tadla, 23000","HÔPITAL","500",NULL,"moulay.ismail@hopital.ma","https://hopital-moulayismail.ma","2025-12-14 14:22:20"
"561","La Capitale",NULL,"Avenue Hassan II, Casablanca","HÔPITAL","500","0522343434","info@lacapitale.ma","https://www.lacapitale.ma","2025-12-14 14:22:20"
"562","Polyclinique de la Sécurité sociale",NULL,"Rue de la Sécurité Sociale, Casablanca","HÔPITAL","250","0522222222","polyclinique.securite.sociale@maroc.dz","https://www.pss.ma","2025-12-14 14:22:20"
"563","Hôpital Cheikh Zaid مستشفي الشيخ زايد بالرباط",NULL,"Boulevard Mohammed V, Rabat","HÔPITAL","500",NULL,NULL,"https://www.hcz.ma/contact/","2025-12-14 14:22:20"
"564","Clinique Cornette","175","Rue de la Clinique, Meknès","CLINIQUE","150","0539832311","cliniquecornette@meknes.ma","https://cliniquecornette.ma","2025-12-14 14:22:20"
"565","Hopital Mohamed 6","176","Route de l'aéroport, 23000 Marrakech","HÔPITAL","500","0524433131","hopital.mohamed6@maroc.dz","https://www.hopitalmohamed6.ma","2025-12-14 14:22:20"
"566","Hôpital Mohamed V","133",NULL,"HÔPITAL","600",NULL,NULL,NULL,"2025-12-14 14:22:20"
"567","Centre El Fath D`hemodialyse",NULL,"Route de Midar, 40000 Midar","HÔPITAL","50","0535832345","centrelfathdhemodialyse@gmail.com","https://www.centrelfathdhemodialyse.ma","2025-12-14 14:22:20"
"568","Clinique El Amine",NULL,"Rue El Amine, Casablanca","HÔPITAL","150","0522334455","info@cliniqueelamine.ma","https://www.cliniqueelamine.ma","2025-12-14 14:22:20"
"569","Hôpital El Farabi",NULL,NULL,"HÔPITAL","400",NULL,NULL,NULL,"2025-12-14 14:22:20"
"570","Hopital de Trone","177","Cité Economique 64852 TOUISSIT","HÔPITAL","500",NULL,NULL,"https://www.sante.gov.ma/","2025-12-14 14:22:20"
"571","Dispensaire Ich",NULL,NULL,"HÔPITAL","30",NULL,NULL,NULL,"2025-12-14 14:22:20"
"572","Hôpital",NULL,NULL,"HÔPITAL","500",NULL,NULL,NULL,"2025-12-14 14:22:20"
"573","clinique alaoui",NULL,NULL,"CLINIQUE","80",NULL,NULL,NULL,"2025-12-14 14:22:20"
"574","Sidi Hssain Bennacer","178","Route de Marrakech, 45000 Ouarzazate","HÔPITAL","200",NULL,"sidi.hssain.bennacer@minsa.gov.ma",NULL,"2025-12-14 14:22:20"
"575","Hôpital Moulay Hassan Ben Mehdi",NULL,"Boulevard Mohammed VI, 40000 Marrakech","HÔPITAL","500","0524433131",NULL,NULL,"2025-12-14 14:22:20"
"576","Hôpital Hassan II",NULL,"Boulevard de la Souissi, Casablanca","HÔPITAL","1000",NULL,NULL,NULL,"2025-12-14 14:22:20"
"577","Hôpital Hay Salam مستشفى حي السلام",NULL,"Rue 1, Quartier Hay Salam, Casablanca","HÔPITAL","250","0537636363","info@hospitaleyaslam.ma","https://hospitaleyaslam.ma","2025-12-14 14:22:20"
"578","Hôpital Siid Baba مستشفى سيد بابا",NULL,"Route de Fès, Meknès","HÔPITAL","500","0539223456","hospitelsidbaba@gmail.com","https://www.hospitelsidbaba.ma","2025-12-14 14:22:20"
"579","La croix rouge",NULL,"Rue de la Croix Rouge, Casablanca","HÔPITAL","500","0522334455","croixrouge@maroc.org","https://www.croixrouge.ma","2025-12-14 14:22:20"
"580","Hopital Gzoula",NULL,"Route de la Gare, 40000 Guelmim","HÔPITAL","250",NULL,"hospitalgzoula@gmail.com","https://www.hopitalgzoula.ma","2025-12-14 14:22:20"
"581","Centre de Santé Lamharchi",NULL,"Boulevard Mohammed VI, 40000 Marrakech","HÔPITAL","150","0524383838",NULL,NULL,"2025-12-14 14:22:20"
"582","Centre De Dialyse Al Hakim Alaoui","131","Route de la ville nouvelle, Oujda","CLINIQUE","30","0536708989",NULL,"https://www.dialyseoujda.com/","2025-12-14 14:22:20"
"583","Clinique Oujda","131","Route de Tafilalet, Oujda 61000","CLINIQUE","450","0052372345",NULL,NULL,"2025-12-14 14:22:20"
"584","Centre de Santé Village Toba",NULL,NULL,"CLINIQUE","350",NULL,NULL,NULL,"2025-12-14 14:22:20"
"585","Centre Hospitalier",NULL,NULL,"HÔPITAL","39",NULL,NULL,NULL,"2025-12-14 14:22:20"
"586","Clinique Les Palmiers",NULL,"BP 1234, 10000 Casablanca","CLINIQUE","150","0522345678","info@cliniqualespalmiers.ma","https://www.cliniqualespalmiers.ma","2025-12-14 14:22:20"
"587","Hôpital Essaada",NULL,"Boulevard Sidi Mohammed Ben Abdallah, 40000 Marrakech","HÔPITAL","1000","0524433131",NULL,NULL,"2025-12-14 14:22:20"
"588","Centre d'Addictologie",NULL,"BP 10000, Avenue Hassan II, 20100 Casablanca","CLINIQUE","145","0522281111",NULL,NULL,"2025-12-14 14:22:20"
"589","Clinique Les Iris","131","Route de Tafilalet, Oujda 61000","CLINIQUE","94","0536712829",NULL,NULL,"2025-12-14 14:22:20"
"590","Clinique Doukkala",NULL,"Route de Safi, 40000 El Jadida","HÔPITAL","55",NULL,NULL,NULL,"2025-12-14 14:22:20"
"591","Centre d'Hémodialyse Moulay Abdellah",NULL,"Rue de la Liberté, 40000 Marrakech","CLINIQUE","80","0524433131",NULL,NULL,"2025-12-14 14:22:20"
"592","Clinique Le Maroc","131","Route de Tafilalet, Oujda 61000","CLINIQUE","120",NULL,NULL,NULL,"2025-12-14 14:22:20"
"593","Clinique Ibn Sina (Avicenne)","131","Boulevard Mohammed VI, Oujda 60000","CLINIQUE","150","0662322111",NULL,NULL,"2025-12-14 14:22:20"
"594","L'Hôpital des Maladies Psychiatriques",NULL,"Boulevard de l'Armée Royale, 10000 Rabat","HÔPITAL","500","0537633434","lhopital.demaladiespsychiatriques@minss.gov.ma","https://www.minss.gov.ma","2025-12-14 14:22:20"
"595","Centre Mehdi Ibn Toumart مركز المهدي ابن تومرت",NULL,"Route de Tétouan, 40000 Tétouan","HÔPITAL","500","0539933131",NULL,NULL,"2025-12-14 14:22:20"
"596","Centre de Santé Essalam",NULL,"Boulevard Mohammed VI, 40000 Marrakech","HÔPITAL","500","0524380000","info@essalam.ma","https://www.essalam.ma","2025-12-14 14:22:20"
"597","Hôpital kelaat m'gouna",NULL,NULL,"HÔPITAL","400",NULL,NULL,NULL,"2025-12-14 14:22:20"
"598","Hopital Ibn Tofaïl",NULL,"BP 1234, Avenue Mohammed VI, Casablanca","HÔPITAL","500","0522334455","ibtoufal.casablanca@hopitaux.gov.ma","https://www.hopitalibtoufal.ma","2025-12-14 14:22:20"
"599","Polyclinique du Sud",NULL,"Boulevard Mohammed VI, 40000 Marrakech","HÔPITAL","150","0524434343","info@polycliniquedusud.ma","https://www.polycliniquedusud.ma","2025-12-14 14:22:20"
"600","Clinique des orangers",NULL,NULL,"CLINIQUE","60",NULL,NULL,NULL,"2025-12-14 14:22:20"
"601","Polyclinique les Narcisses",NULL,NULL,"HÔPITAL","500",NULL,NULL,NULL,"2025-12-14 14:22:20"
"602","Clinique Al Irfane","131","Route de Tafilalet, Oujda 61000","CLINIQUE","80","0536532020",NULL,"http://www.clinique-alirfane.com/","2025-12-14 14:22:20"
"603","Dispensaire Mbasso مستوصف امباصو",NULL,"Route de Tétouan, Oujda","CLINIQUE","30","0536703001",NULL,NULL,"2025-12-14 14:22:20"
"604","Dispensaire Riad مركز صحي الرياض",NULL,"Rue de la Liberté, 40160 Sidi Moumen, Casablanca","CLINIQUE","40","0547832424",NULL,NULL,"2025-12-14 14:22:20"
"605","hôpital al kortobi","144","Route de la Corniche, Tanger","HÔPITAL","500","0539333333","hôpital.al.kortobi@tanger.ma","https://www.hôpitalalkortobi.ma","2025-12-14 14:22:20"
"606","Centre de procréation medicalement assistée",NULL,NULL,"CLINIQUE","100",NULL,NULL,NULL,"2025-12-14 14:22:20"
"607","Dispensaire مستوصف","181","Route de Beni Enzar, Beni Enzar","HÔPITAL","20","0612345678","benienzar.dispensaire@hopitaux.ma","https://benienzar.dispensaire.ma","2025-12-14 14:22:20"
"608","Centre de santé Irhalne المركز الصحي إرحالن",NULL,"Route de Ouarzazate, Irhalen","HÔPITAL","150","0548832345","irhalne@centre-sante.ma","https://centre-sante.ma/irhalne","2025-12-14 14:22:20"
"609","المستشفى الاقليمي لانزكان",NULL,"Route de Marrakech, 23000 Anzalan","HÔPITAL","200","0524433333","hospitaleqanzan@minss.gov.ma","https://www.minss.gov.ma","2025-12-14 14:22:20"
"610","Polyclinique de la CNSS",NULL,"Boulevard de l'Académie, 10100 Rabat","HÔPITAL","100","0537737373","polycliniquedelacnss@gmail.com","https://www.polycliniquedelacnss.ma/","2025-12-14 14:22:20"
"611","مـــستشــــفى الزاك",NULL,"Route de Tanger, 40000, Fès","HÔPITAL","400","0535632121",NULL,NULL,"2025-12-14 14:22:20"
"612","Centre de Santé Tabarine",NULL,NULL,"HÔPITAL","450",NULL,NULL,NULL,"2025-12-14 14:22:20"
"613","Clinique Nakhil مصحة النخيل",NULL,"Route de Casablanca, 10 000 Marrakech","HÔPITAL","150","0525282828","info@cliniquenakhil.ma","https://www.cliniquenakhil.ma","2025-12-14 14:22:20"
"614","Dispensaire El Aounia مستوصف العونية",NULL,"Rue El Aounia, Casablanca","HÔPITAL","50","0522334455","info@dispensaire-el-aounia.ma","https://www.dispensaire-el-aounia.ma","2025-12-14 14:22:20"
"615","Clinique RAIS",NULL,"BP 2145, Fès","HÔPITAL","80","0535621108","cliniquerais@gmail.com",NULL,"2025-12-14 14:22:20"
"616","Clinique Agdal مصحة أكدال",NULL,"Boulevard Mohammed V, Agdal, Fès","CLINIQUE","50","0537633131",NULL,NULL,"2025-12-14 14:22:20"
"617","Clinique El Amal",NULL,"Boulevard de l'Armée Royale, 20100 Casablanca","HÔPITAL","150",NULL,"info@cliniqueelamal.ma","https://www.cliniqueelamal.ma","2025-12-14 14:22:20"
"618","Hôpital du Cheikh Khalifa Ben Zayd Al-Nahyan",NULL,NULL,"HÔPITAL","700",NULL,NULL,NULL,"2025-12-14 14:22:20"
"619","المستشفى الجهوي الحسن الثاني",NULL,"Route de l'Aéroport, 20100 Casablanca","HÔPITAL","1000","0522222222","hassan2.casablanca@minss.gov.ma","https://www.minss.gov.ma","2025-12-14 14:22:20"
"620","Centre de Formation",NULL,NULL,"HÔPITAL","40",NULL,NULL,NULL,"2025-12-14 14:22:20"
"621","Hôpital Eddarrak مستشفى الدراق","183","Route de Meknès, Berkane","HÔPITAL","200","0535535353",NULL,NULL,"2025-12-14 14:22:20"
"622","Sidi Daoud",NULL,"Route de Sidi Daoud, 40000 Sidi Daoud","HÔPITAL","500","0528282828","sidi.daoud.hopital@maroc.ma","https://sidi-daoud-hopital.ma","2025-12-14 14:22:20"
"623","Hopital polyclinique cheikh zaid المركزالاستشفائي الشيخ زايد",NULL,"Route de la Zaidie, 10000, Rabat","HÔPITAL","500","0537737373","info@hopital-polyclinique-cheikh-zaid.ma","https://www.hopital-polyclinique-cheikh-zaid.ma","2025-12-14 14:22:20"
"624","Polyclinique Beni Snassen مستشفى بني يزناسن",NULL,"Route de Berkane, Berkane","CLINIQUE","150",NULL,NULL,NULL,"2025-12-14 14:22:20"
"625","centre hospitalier universitaie",NULL,NULL,"HÔPITAL","650",NULL,NULL,NULL,"2025-12-14 14:22:20"
"626","Radiologie Anoual",NULL,NULL,"CLINIQUE","50",NULL,NULL,NULL,"2025-12-14 14:22:20"
"627","Clinique Bennis مصحة بنيس","144","Tanger","CLINIQUE","50","0539333333","cliniquebennis@gmail.com","https://cliniquebennis.ma","2025-12-14 14:22:20"
"628","Clinical Abbadi",NULL,NULL,"CLINIQUE","40",NULL,NULL,NULL,"2025-12-14 14:22:20"
"629","Clinique CIL",NULL,"BP 1234, 10000 Casablanca","CLINIQUE","150","0522345678","info@cliniquecil.ma","https://www.cliniquecil.ma","2025-12-14 14:22:20"
"630","International Clinic",NULL,NULL,"CLINIQUE","60",NULL,NULL,NULL,"2025-12-14 14:22:20"
"631","Clinique Riviera",NULL,"BP 1234, 10000 Casablanca","CLINIQUE","200","0522345678","info@cliniqueriviera.ma","https://www.cliniqueriviera.ma","2025-12-14 14:22:20"
"632","Cinique Al Karim Medecine Physique",NULL,NULL,"CLINIQUE","50",NULL,NULL,NULL,"2025-12-14 14:22:20"
"633","Ophtalmo Clinique de Casablanca",NULL,"Boulevard Sidi Mohammed Ben Abdallah, Casablanca","CLINIQUE","50","0522434455","ophtalmo.casablanca@clinique.ma","https://ophtalmo.clinique.ma/casablanca","2025-12-14 14:22:20"
"634","Cinique Multidisciplinaire",NULL,NULL,"CLINIQUE","100",NULL,NULL,NULL,"2025-12-14 14:22:20"
"635","Clinique Cardiologique Casa Oasis",NULL,"Rue de la Clinique, Casablanca","CLINIQUE","150","0522334455","info@cliniquecardiologiquecasa.com","https://cliniquecardiologiquecasa.com","2025-12-14 14:22:20"
"636","Clinique Californie",NULL,"Rue de la Clinique Californie, Casablanca","HÔPITAL","200","0522233456","info@cliniquecalifornie.ma","https://www.cliniquecalifornie.ma","2025-12-14 14:22:20"
"637","L'Hôpital de Saïdia مستشفى السعيدية",NULL,"Route de la plage, 66000 Saïdia","HÔPITAL","200","0098832211",NULL,NULL,"2025-12-14 14:22:20"
"638","مركز صحي",NULL,NULL,"HÔPITAL","350",NULL,NULL,NULL,"2025-12-14 14:22:20"
"639","Hôpital Sekkat",NULL,"Boulevard Mohammed VI, 40000 Marrakech","HÔPITAL","500","0524433131",NULL,NULL,"2025-12-14 14:22:20"
"640","Centre de Santé Derb el Kheir",NULL,"Rue de la Liberté, Derb el Kheir, Casablanca","HÔPITAL","200","0522334455","derbelkheir@centre-sante.ma","https://centre-sante.ma/derbelkheir","2025-12-14 14:22:20"
"641","Polyclinique ِCNSS Sidi Bernoussi",NULL,"Boulevard Sidi Mohammed Ben Abdallah, Sidi Bernoussi, Casablanca","HÔPITAL","200","0522434343",NULL,NULL,"2025-12-14 14:22:20"
"642","Centre d'Hemodialyse 2 Mars",NULL,"Boulevard Mohammed VI, 20000 Casablanca","CLINIQUE","50","0522334455","centre.hemodialyse.2mars@hopitaux-marocains.ma","https://hopitaux-marocains.ma/centre-hemodialyse-2-mars","2025-12-14 14:22:20"
"643","Dispensaire Douar Sidi Ali مستوصف دوار سيدي علي",NULL,"Route de Douar Sidi Ali, 40000 Marrakech","CLINIQUE","50","0524311111","dsadouarsidi@gmail.com","https://www.dispensaire-douar-sidi-ali.ma","2025-12-14 14:22:20"
"644","Centre de santé 1","185","Toulal ⵜⵓⵍⴰⵍ","CLINIQUE","50",NULL,NULL,NULL,"2025-12-14 14:22:20"
"645","Azrou Health Center",NULL,"Route de Tafilalet, Azrou, Fès-Meknès","CLINIQUE","20",NULL,NULL,NULL,"2025-12-14 14:22:20"
"646","Hôpital provincial de Midelt",NULL,"Route de Meknès, 54000 Midelt","HÔPITAL","200",NULL,NULL,NULL,"2025-12-14 14:22:20"
"647","Hopital provincial Errazi مستشفى الرازي",NULL,"Route de Marrakech, 40000 Errachidia","HÔPITAL","300","0536781111",NULL,NULL,"2025-12-14 14:22:20"
"648","Hôpital EL IDRISSI",NULL,"BP 2129, Avenue Hassan II, 40000 Rabat","HÔPITAL","500","0537373111","hpidrissi@hopitaux.gov.ma","https://www.hpidrissi.ma","2025-12-14 14:22:20"
"649","Polyclinique de Kenitra",NULL,"Rue de la République, 14000 Kenitra","CLINIQUE","150","0537373635","polycliniquedekenitra@gmail.com","https://www.polycliniquedekenitra.ma","2025-12-14 14:22:20"
"650","Hôpital de Figuig مستشفى فكيك","186","Route de la ville, BP 100, 32100 Figuig","HÔPITAL","150",NULL,"hospitalfiguig@minss.gov.ma","https://www.minss.gov.ma/fr/hopitaux/hopital-de-figuig","2025-12-14 14:22:20"
"651","Clinique Beauséjour",NULL,NULL,"CLINIQUE","100","0537781313","info@cliniquebeausejour.ma","https://cliniquebeausejour.ma/","2025-12-14 14:22:20"
"652","Centre de dialyse Al AMAL",NULL,"Boulevard Mohammed VI, 40000 Marrakech","CLINIQUE","50","0537384493","info@al-amal.ma","https://www.al-amal.ma/","2025-12-14 14:22:20"
"653","Clinique Orthopedie",NULL,NULL,"CLINIQUE","90",NULL,NULL,NULL,"2025-12-14 14:22:20"
"654","Clinique De La Vision de Rabat",NULL,"Bd. Sidi Mohammed Ben Abdallah, 10000 Rabat","CLINIQUE","70","0537676666",NULL,NULL,"2025-12-14 14:22:20"
"655","Clinique Ibn Khaldoun مصحة إبن خلدون","152","Rue Ibn Khaldoun, Rabat","CLINIQUE","100","0537776767",NULL,"https://www.cliniqueibnkhaldoun.ma","2025-12-14 14:22:20"
"656","Disponsaire Smaâla",NULL,"BP 1234, Smaâla","HÔPITAL","150","0611223344","disponsaire.smaala@hopitaux-marocains.ma","https://www.disponsaire-smaala.ma","2025-12-14 14:22:20"
"657","Dispensaire ElKheir",NULL,"Rue El Kheir, Casablanca","HÔPITAL","50","0522334455","info@dispensaireelkheir.ma","https://dispensaireelkheir.ma","2025-12-14 14:22:20"
"658","Clinicque International de Mogador",NULL,NULL,"HÔPITAL","600",NULL,NULL,NULL,"2025-12-14 14:22:20"
"659","Polyclinique Ahadaf",NULL,"Rue de la République, Casablanca","HÔPITAL","150","0537233456","info@ahadaf.ma","https://www.ahadaf.ma","2025-12-14 14:22:20"
"660","clinique Nour مصحة النور",NULL,"Rue de la clinique Nour, Fès","CLINIQUE","150","0535634444","info@cliniquenour.ma","https://www.cliniquenour.ma","2025-12-14 14:22:20"
"661","Al moukawama",NULL,NULL,"HÔPITAL","600",NULL,NULL,NULL,"2025-12-14 14:22:20"
"662","Ikniouen clinic",NULL,NULL,"CLINIQUE","80",NULL,NULL,NULL,"2025-12-14 14:22:20"
"663","Clinique des Nations Unies",NULL,"BP 1234, Rabat","CLINIQUE","200","0537732112","info@cliniquedesnationsunies.ma","https://cliniquenationsunies.com/","2025-12-14 14:22:20"
"664","Clinique Ain Chock",NULL,"Boulevard de l'Armée Royale, Ain Chock, Casablanca","CLINIQUE","120","0547252525",NULL,NULL,"2025-12-14 14:22:20"
"665","Ajial Hôpital Pédiatrique",NULL,NULL,"HÔPITAL","650",NULL,NULL,NULL,"2025-12-14 14:22:20"
"666","Hôpital Sanyat Rmel","129","Route de Tétouan, Rmel","HÔPITAL","150","0398323456","hospitalsanyatrmel@gmail.com","https://www.hospitalsanyatrmel.ma","2025-12-14 14:22:20"
"667","Hospital Bouizamarn",NULL,NULL,"HÔPITAL","700",NULL,NULL,NULL,"2025-12-14 14:22:20"
"668","centre hospitalier Ibn SINA",NULL,"Rue Ibn Sina, Casablanca","HÔPITAL","1000","0522282121",NULL,NULL,"2025-12-14 14:22:20"
"669","clinique privé Arrahma","188","Route de Meknès, Taourirt 53000","HÔPITAL","50","0535582222",NULL,NULL,"2025-12-14 14:22:20"
"670","centre de diagnostique polyvalent",NULL,NULL,"HÔPITAL","40",NULL,NULL,NULL,"2025-12-14 14:22:20"
"671","Hopital Provincial Taourirt","189","Route de la ville, 46160 Taourirt","HÔPITAL","250","0535832314","hopitaltaourirt@maroc.org","https://www.hopitaltaourirt.ma","2025-12-14 14:22:20"
"672","hopital Assalam",NULL,NULL,"HÔPITAL","120",NULL,NULL,NULL,"2025-12-14 14:22:20"
"673","centre médical Moukhtar soussi",NULL,"Rue Moukhtar Soussi, Casablanca","HÔPITAL","200","0522334455","info@centremedicalmoukhtarsoussi.ma","https://centremedicalmoukhtarsoussi.ma","2025-12-14 14:22:20"
"674","Polyclinique CNSS","190","Route de Casablanca, 20600 Mohammedia","HÔPITAL","350","0535644500",NULL,NULL,"2025-12-14 14:22:20"
"675","Centre de santé midelt",NULL,NULL,"CLINIQUE","80",NULL,NULL,NULL,"2025-12-14 14:22:20"
"676","Polyclinique CNSS","144","Tanger","HÔPITAL","350","0539933131",NULL,NULL,"2025-12-14 14:22:20"
"677","Centre Hospitalier Préfectoral de Ben M'Sick",NULL,"Route de Casablanca, 20650 Ben M'Sick, Casablanca-Settat","HÔPITAL","350","0522231111",NULL,NULL,"2025-12-14 14:22:20"
"678","Polyclinique CNSS Hay Hassani مصحة الضمان الإجتماعي الحي الحسني","155","Boulevard Mohammed V, 20100 Casablanca","HÔPITAL","200","0522322222","cnss.hayhassani@cnss.ma","https://www.cnss.ma/fr/centre-de-soins/hay-hassani","2025-12-14 14:22:20"
"679","Croissant rouge marocain",NULL,"Rue Mohamed El Hansali, Fès","HÔPITAL","120","0535624042",NULL,NULL,"2025-12-14 14:22:20"
"680","Dispensaire",NULL,"Rue de la Liberté, Fès","CLINIQUE","20","0535636363","dispensaire.fes@minss.gov.ma","https://www.minss.gov.ma/dispensaire-fes","2025-12-14 14:22:20"
"681","Hôpital Omar Drissi",NULL,"BP 1234, 10000 Rabat","HÔPITAL","500","0537632400","hpd.oumar@hopitaux-marocains.ma","https://hopitaux-marocains.ma/hpd-oumar","2025-12-14 14:22:20"
"682","Clinic ‘Ouajdi’",NULL,NULL,"CLINIQUE","80",NULL,NULL,NULL,"2025-12-14 14:22:20"
"683","مستشفى ابن البتطار",NULL,"Route de Taza, Fès 30000","HÔPITAL","500",NULL,NULL,NULL,"2025-12-14 14:22:20"
"684","Hôpital Espagnol","144","Boulevard Mohammed VI, Tanger","HÔPITAL","500","0539933131",NULL,NULL,"2025-12-14 14:22:20"
"685","Clinique Illigh",NULL,NULL,"CLINIQUE","40",NULL,NULL,NULL,"2025-12-14 14:22:20"
"686","Clinique d'oncologie Ibn Sina",NULL,"Rue Ibn Sina, Casablanca","CLINIQUE","150","0522334455","clinique.oncologie.ibn.sina@maroc.com","https://cliniqueibnsina.ma","2025-12-14 14:22:20"
"687","Laboratoire D'Analyses Médicales de Tanger","144","Boulevard Mohammed VI, Tanger","CLINIQUE","20","0539933131",NULL,NULL,"2025-12-14 14:22:20"
"688","Clinique Internationale de Marrakech",NULL,"Km 8, Route de Casablanca, Marrakech","HÔPITAL","120","0524380000","info@clinique-internationale.ma","https://www.clinique-internationale-marrakech.com/","2025-12-14 14:22:20"
"689","Clinique Sidi Amar","144","Rue Sidi Amar, Tanger","CLINIQUE","50","0539933456","cliniquesidiamar@gmail.com","https://cliniquesidiamar.ma","2025-12-14 14:22:20"
"690","Cabinets de Pédiatrie","144","Rue de la Pédiatrie, Tanger","CLINIQUE","50","0539123456","pediatrie.tanger@hopitaux-marocains.ma","https://hopitaux-marocains.ma/cabinets-pediatrie-tanger","2025-12-14 14:22:20"
"691","Hôpital général de Casablanca Azhar-Bernoussi",NULL,"Boulevard de l'Armée Royale, 20100 Casablanca","CLINIQUE","500",NULL,NULL,NULL,"2025-12-14 14:22:20"
"692","Clinique Assalam","144","Tanger","CLINIQUE","90",NULL,NULL,NULL,"2025-12-14 14:22:20"
"693","Centre Ahmad Bin Zayed Al Nahyan De Traitement des Cancers","144","Route de Tétouan, Tanger","HÔPITAL","100","0539933131",NULL,NULL,"2025-12-14 14:22:20"
"694","Complexe Medico-Social Al Wouroud",NULL,"Complexe Medico-Social Al Wouroud, Casablanca","CLINIQUE","500","0522334455","info@alwouroud.ma","https://www.alwouroud.ma","2025-12-14 14:22:20"
"695","Centre Kinesitherapie Bouafi Amine",NULL,NULL,"CLINIQUE","30",NULL,NULL,NULL,"2025-12-14 14:22:20"
"696","Clinique Pasteur",NULL,"BP 215, Avenue Hassan II, 20100 Casablanca","CLINIQUE","150","0522222222","clinique.pasteur@pasteur.ma","https://www.clinique-pasteur.ma","2025-12-14 14:22:20"
"697","Clinique Les Crêtes",NULL,NULL,"HÔPITAL","400",NULL,NULL,NULL,"2025-12-14 14:22:20"
"698","Clinique Le Marrakech",NULL,"Boulevard Mohammed VI, Marrakech","HÔPITAL","100","0524433131",NULL,NULL,"2025-12-14 14:22:20"
"699","Urgences: Cardiologiques Centre de la Douleur",NULL,NULL,"HÔPITAL","200",NULL,NULL,NULL,"2025-12-14 14:22:20"
"700","Polyclinique Atlas",NULL,"Rue de la Liberté, 30000 Fès","CLINIQUE","120",NULL,NULL,NULL,"2025-12-14 14:22:20"
"701","Centre De Dialyse Et Des Maladies Renales SAADA",NULL,"BP 1234, Sidi Moumen, Casablanca","CLINIQUE","50","0522334455","info@cdmr.ma","https://cdmr.ma","2025-12-14 14:22:20"
"702","الكوثر",NULL,"Route de Meknès, Fès","HÔPITAL","1000","0535633131",NULL,NULL,"2025-12-14 14:22:20"
"703","Top Medical",NULL,"Rue de la Liberté, Casablanca","CLINIQUE","200","0522334455","info@topmedical.ma","https://www.topmedical.ma","2025-12-14 14:22:20"
"704","Actilab Matériel Médical",NULL,NULL,"CLINIQUE","40",NULL,NULL,NULL,"2025-12-14 14:22:20"
"705","Red Med",NULL,"Rue de la République, Casablanca","CLINIQUE","500","0522334455","info@redmed.ma","https://www.redmed.ma","2025-12-14 14:22:20"
"706","Polyclinique Cnss Kenitra","196","Route de Sidi Kacem, Kenitra","CLINIQUE","120","0537378738",NULL,NULL,"2025-12-14 14:22:20"
"707","Centre de Sante Ihchahch",NULL,NULL,"HÔPITAL","400",NULL,NULL,NULL,"2025-12-14 14:22:20"
"708","Cabinet Docteur Amar - Généraliste","197","Rue du marché, Salé سلا","HÔPITAL","20","0537631415","cabinetdocteuramar@gmail.com","https://www.cabinetdocteuramar.ma","2025-12-14 14:22:20"
"709","Clinic Ibn Sina",NULL,NULL,"CLINIQUE","80",NULL,NULL,NULL,"2025-12-14 14:22:20"
"710","Centre De Sante Amsernat",NULL,NULL,"HÔPITAL","200",NULL,NULL,NULL,"2025-12-14 14:22:20"
"711","Clinique Green Town",NULL,"Boulevard de l'Oasis, Green Valley, Casablanca","HÔPITAL","150","0522345678","info@cliniquestown.ma","https://www.cliniquegreentown.ma","2025-12-14 14:22:20"
"712","Hopitale Molay Ali Cherrif errachidia",NULL,NULL,"HÔPITAL","600",NULL,NULL,NULL,"2025-12-14 14:22:20"
"713","hopital d'errahma",NULL,NULL,"HÔPITAL","50",NULL,NULL,NULL,"2025-12-14 14:22:20"
"714","koliaa",NULL,NULL,"HÔPITAL","20",NULL,NULL,NULL,"2025-12-14 14:22:20"
"715","Cabinet Medical",NULL,NULL,"HÔPITAL","120","0536364200",NULL,NULL,"2025-12-14 14:22:20"
"716","Hôpital Azzamouri",NULL,"Route de la ville, 40000 Azzamouri","HÔPITAL","250","0543643564","hopital.azzamouri@maroc.mg","https://hopital.azzamouri.ma","2025-12-14 14:22:20"
"717","Clinique Mokhtar Soussi",NULL,"BP 1234, Casablanca","HÔPITAL","150","0522345678","info@cliniquemokhtarsoussi.ma","https://www.cliniquemokhtarsoussi.ma","2025-12-14 14:22:20"
"718","Clinique al-Massira",NULL,"Route de l'aéroport, Agadir 80000","HÔPITAL","180","0528833131",NULL,NULL,"2025-12-14 14:22:20"
"719","Hemodialysis center Ait-Melloul","199","Route de Marrakech, Aït Melloul","HÔPITAL","80","0525472222",NULL,NULL,"2025-12-14 14:22:20"
"720","Centre De sante Saadina","200","Route de Meknès, Saïdia, Province de Nador, Région de Tanger-Tétouan-Al Hoceïma","HÔPITAL","60","0539482121",NULL,NULL,"2025-12-14 14:22:20"
"721","Centre Médical Boujarrah","129","Tétouan","HÔPITAL","500",NULL,NULL,NULL,"2025-12-14 14:22:20"
"722","Centre de Sante Touila","129","Route de Fnideq, 93000 Tétouan","HÔPITAL","200","0539932222",NULL,NULL,"2025-12-14 14:22:20"
"723","Centres de dépistage précoce du cancer du sein","175","Route de Sidi Chahram, Meknès","CLINIQUE","50","0539323456","cdpc.meknes@minss.gov.ma","https://www.minss.gov.ma","2025-12-14 14:22:20"
"724","Hospital sidi lahcen","201","Route de Rabat, Témara","HÔPITAL","500","0538959595",NULL,NULL,"2025-12-14 14:22:20"
"725","Kidney Disease Center","175","Boulevard Mohammed VI, Meknès 50000","CLINIQUE","200",NULL,NULL,NULL,"2025-12-14 14:22:20"
"726","Clinique Ismailia",NULL,"Rue Ismailia, Casablanca","CLINIQUE","150","0522334455","clinique.ismailia@gmail.com","https://cliniqueismailia.ma","2025-12-14 14:22:20"
"727","Hopital Italien المستشفى الإيطالي","144","Boulevard Mohammed VI, Tanger","HÔPITAL","750","0539933131",NULL,NULL,"2025-12-14 14:22:20"
"728","Clinique Mersultan",NULL,"Route de Rabat, 22200 Mers Sultan, Rabat","HÔPITAL","180","0537737373",NULL,NULL,"2025-12-14 14:22:20"
"729","Dispensaire de Dakhla",NULL,"Route de l'aéroport, Dakhla","HÔPITAL","20","0628111111","dakhla.dispensaire@minss.gov.ma",NULL,"2025-12-14 14:22:20"
"730","Hôpital Mohamed V","150","Route de Targuist, 32000 Al Hoceima","HÔPITAL","300","0539883333",NULL,NULL,"2025-12-14 14:22:20"
"731","Centre de santé Tafersit",NULL,NULL,"HÔPITAL","30",NULL,NULL,NULL,"2025-12-14 14:22:20"
"732","Hopital Des Spécialités / HCU Ibn Sina",NULL,"Boulevard Ibn Sina, Casablanca","HÔPITAL","500","0522434343","hcu.ibn.sina@hopital.gov.ma","https://www.hopital.gov.ma/hcu-ibn-sina","2025-12-14 14:22:20"
"733","Croissant Rouge","144","Tanger","HÔPITAL","50",NULL,NULL,NULL,"2025-12-14 14:22:20"
"734","Dispensaire Sidi Ghiate",NULL,NULL,"HÔPITAL","20",NULL,NULL,NULL,"2025-12-14 14:22:20"
"735","Centre Hospitalier Provincial Sidi Ifni","202","Route de la Plage, Sidi Ifni","HÔPITAL","200","0528831313",NULL,NULL,"2025-12-14 14:22:20"
"736","Hôpital de Taznakht",NULL,"Route de Marrakech, Taznakht, Province de Ouarzazate","HÔPITAL","150","0524482311",NULL,NULL,"2025-12-14 14:22:20"
"737","Hopital Ibn Alkhatib",NULL,"Boulevard Mohammed V, Fès","HÔPITAL","500","0535633131","hopital.ibnalkhatib@fes.ma","https://www.hopitalibnalkhatib.ma","2025-12-14 14:22:20"
"738","Clinique croissant Rouge","129","Rue de la Liberté, Tétouan","HÔPITAL","150",NULL,"croissantrouge@tétouan.ma","https://cliniquecroissantrouge.ma","2025-12-14 14:22:20"
"739","Hôpital de Kaf El Ghar",NULL,"Route de Marrakech, 40000 Marrakech","HÔPITAL","500","0524372424",NULL,NULL,"2025-12-14 14:22:20"
"740","مستشفى الغساني",NULL,"الدار البيضاء, فاس, المغرب","HÔPITAL","400",NULL,NULL,NULL,"2025-12-14 14:22:20"
"741","Hopital de Talmest",NULL,"Route de Talmest, 23000 Talmest","HÔPITAL","250","0523345678","hopital.talmest@maroc.hesab.com","https://hopital-talmest.ma","2025-12-14 14:22:20"
"742","Hôpital Mechra Bel Ksiri",NULL,"Route de Meknès, 20000 Meknès","HÔPITAL","400","0553833131",NULL,NULL,"2025-12-14 14:22:20"
"743","Hospital Masa",NULL,"Rue de la Liberté, Casablanca","HÔPITAL","500","0522334455","info@hospitalmasa.ma","https://www.hospitalmasa.ma","2025-12-14 14:22:20"
"744","Clinique Toubkal",NULL,"Talâa Sghir, Marrakech 40000","HÔPITAL","80","0524373333",NULL,NULL,"2025-12-14 14:22:20"
"745","Hôpital Mly abdellah",NULL,"Boulevard Mohammed VI, 40000 Marrakech","HÔPITAL","500","0524373131","hpmlyabdellah@gmail.com","https://www.hpmlyabdellah.ma","2025-12-14 14:22:20"
"746","ATLANTIC CLINIC CASABLANCA",NULL,"Boulevard de la Corniche, Casablanca","HÔPITAL","100","0522989898","info@atlanticclinic.ma","https://www.atlanticclinic.ma/","2025-12-14 14:22:20"
"747","Hopital Militaire Avicenne",NULL,"Boulevard Moulay Youssef, 10170 Rabat","HÔPITAL","500","0537733131",NULL,NULL,"2025-12-14 14:22:20"
"748","Hôpital El Antaki مستشفى الأنطاكي",NULL,"Rue El Antaki, Casablanca","HÔPITAL","500","0522222222","info@hospitalelantaki.ma","https://www.hospitalelantaki.ma","2025-12-14 14:22:20"
"749","المستشفى العسكري",NULL,"الرباط","HÔPITAL","500",NULL,NULL,NULL,"2025-12-14 14:22:20"
"750","Hôpital Militaire Moulay Ismail",NULL,"Route de Meknès, 50000 Meknès","HÔPITAL","500","0553833131",NULL,NULL,"2025-12-14 14:22:20"
"751","Dispensaire","203","Ait Ouqabli","HÔPITAL","30",NULL,NULL,NULL,"2025-12-14 14:22:20"
"752","hopital haut Atlas central",NULL,NULL,"HÔPITAL","600","0523458676",NULL,NULL,"2025-12-14 14:22:20"
"753","مستشفى حمان الفطواكي ايت عزة","204","Route de Targuist, Aït Ahel, Targuist, Province de Targuist, Région Tanger-Tétouan-Al Hoceïma","HÔPITAL","150","0539882211",NULL,NULL,"2025-12-14 14:22:20"
"754","Hôpital Fath El Kheir",NULL,"Route de Rabat, 14000 Temara","HÔPITAL","500","0537732323","fathelkheir@temara.ma","https://www.hopital-fath-el-kheir.ma","2025-12-14 14:22:20"
"755","Clinique Moulouya",NULL,"Route de Rabat, 24000 Kenitra","HÔPITAL","120",NULL,NULL,NULL,"2025-12-14 14:22:20"
"756","Clinique Tilila",NULL,"Route de l'usine, 20000 Casablanca","HÔPITAL","150","0522334455","cliniquetilila@gmail.com","https://cliniquetilila.ma","2025-12-14 14:22:20"
"757","Clinique Taha مصحة طه",NULL,NULL,"HÔPITAL","60",NULL,NULL,NULL,"2025-12-14 14:22:20"
"758","Hopital Moulay Abdallah",NULL,"Boulevard Moulay Abdallah, 20000 Rabat","HÔPITAL","1000","0537632163",NULL,NULL,"2025-12-14 14:22:20"
"759","مستشفي العياشي",NULL,"الدار البيضاء, 10000","HÔPITAL","200","0522374444","info@hospitalelaiachi.ma","https://hospitalelaiachi.ma/","2025-12-14 14:22:20"
"760","مستودع الأموات",NULL,"الدار البيضاء","HÔPITAL","500","0522233456","moustad_el_amwat@hopitaux.ma","https://www.hopitaux.ma/moustad_el_amwat","2025-12-14 14:22:20"
"761","مستوصف ميمونة",NULL,"Route de Tanger, Mimarine, Casablanca","HÔPITAL","50","0522282828",NULL,NULL,"2025-12-14 14:22:20"
"762","Hopital hassan1 tiznit",NULL,NULL,"HÔPITAL","450",NULL,NULL,NULL,"2025-12-14 14:22:20"
"763","Hôpital Ahdav مستوصف أحداف",NULL,"BP 1234, Rabat","HÔPITAL","250","0537631415","info@hadav.ma","https://www.hadav.ma","2025-12-14 14:22:20"
"764","Hôpital régional المستشفى الإقليمي",NULL,"Route de la ville, 12345, طاطا, Province de Tiznit","HÔPITAL","500","0528123456","horegionale@tiznit.ma","https://www.horegionale.tiznit.ma","2025-12-14 14:22:20"
"765","Centre de santé adarissa المركز الصحي الادارسة",NULL,"Route de la plage, Adarissa","HÔPITAL","150","0525832314","info@centre-sante-adarissa.ma","https://centre-sante-adarissa.ma","2025-12-14 14:22:20"
"766","Dispensaire Ait Tamlil",NULL,"Route de Tafraout, Aït Tamlil, Province de Taroudant","HÔPITAL","20","0528832434",NULL,NULL,"2025-12-14 14:22:20"
"767","hôpital Sidi Said مستشفى سيدي سعيد",NULL,"Route de Sidi Said, 40000 Sidi Said","HÔPITAL","500","0528833333","info@hopital-sidisaid.ma","https://www.hopital-sidisaid.ma","2025-12-14 14:22:20"
"768","مستشفى اهل الغلام الأزهر",NULL,"الدار البيضاء","HÔPITAL","500","0522233456","mohamed@gmail.com","https://mohamed.com","2025-12-14 14:22:20"
"769","Hôpital Psychatrie Kenitra",NULL,"Boulevard Mohammed VI, Kenitra","HÔPITAL","200","0539831234","hospitalkenitra@minss.gov.ma","https://www.minss.gov.ma/hospitalkenitra","2025-12-14 14:22:20"
"770","Centre de santé - Takadoum",NULL,NULL,"HÔPITAL","40",NULL,NULL,NULL,"2025-12-14 14:22:20"
"771","مستشفى سيدي بنور",NULL,"Route de l'aéroport, 40000 Sidi Bennour, Marrakech-Safi","HÔPITAL","600","0523369840",NULL,NULL,"2025-12-14 14:22:20"
"772","Centre de Santé Urbain ""Oulad Hmaid""","207","Ksar el Kebir","HÔPITAL","30",NULL,NULL,NULL,"2025-12-14 14:22:20"
"773","Hopital Provincial de Ksar El Kébir","207","Route de la Plage, Ksar El Kébir","HÔPITAL","250","0537841111",NULL,NULL,"2025-12-14 14:22:20"
"774","Clinique Al Houda مصحة الهدى",NULL,"Route de Rabat, 10000 Casablanca","HÔPITAL","100","0522211111",NULL,NULL,"2025-12-14 14:22:20"
"775","dispenssaire ain zliten",NULL,"Boulevard Mohammed V, Ain Zleten, Fès","HÔPITAL","20",NULL,NULL,NULL,"2025-12-14 14:22:20"
"776","croissant rouge el batha الهلال الاحمر",NULL,"Batha, Fès Médina, Fès","HÔPITAL","100",NULL,NULL,NULL,"2025-12-14 14:22:20"
"777","docteur Générale",NULL,"Batha, Fès","HÔPITAL","500","0535633131",NULL,NULL,"2025-12-14 14:22:20"
"778","مركز الانكولوجيا للاسلمى باكدير",NULL,"Route de l'Université, B.P. 4014, Fès","HÔPITAL","1000",NULL,NULL,"https://www.cnr.ac.ma","2025-12-14 14:22:20"
"779","Hôpital AL mansour",NULL,"BP 1234, Avenue Hassan II, Casablanca","HÔPITAL","500","0522345678","info@almansourhospital.ma","https://www.almansourhospital.ma","2025-12-14 14:22:20"
"780","Hopital provincial",NULL,NULL,"HÔPITAL","500",NULL,NULL,NULL,"2025-12-14 14:22:20"
"781","Centre De Sante Martil","210","Route de Tanger, 83000 Martil, Tanger-Tétouan-Al Hoceïma","HÔPITAL","150","0539512626",NULL,NULL,"2025-12-14 14:22:20"
"782","Hopital de Proximite - Tiflet",NULL,"Route de Tiflet, Tiflet","HÔPITAL","200","0527232323","hopital.tiflet@minss.gov.ma","https://www.minss.gov.ma/hopital-de-proximite-tiflet","2025-12-14 14:22:20"
"783","Centre de dialyse Guich Oudaya","201","Témara, Route de Rabat, Guich Oudaya, 14200 Témara","HÔPITAL","40","0539934343",NULL,NULL,"2025-12-14 14:22:20"
"784","Pharmacie Achorouk صيدلية الشروق",NULL,"Boulevard Mohammed VI, Beni Mellal","HÔPITAL","50","0525832345","pharmacie.achorouk@gmail.com","https://www.pharmacie-achorouk.ma","2025-12-14 14:22:20"
"785","Hôpital Ouled Said Le Oued مستشفى أولاد سعيد الوادي ⴰⵙⴳⵏⴰⴼ ⵏ ⵡⵍⴰⴷ ⵙⵄⵉⴷ ⵍⵡⴰⴷ",NULL,"Route de Ouled Said, 24000 Oued Zem","HÔPITAL","250","0525535555",NULL,NULL,"2025-12-14 14:22:20"
"786","Clinic El Menzah","175","Boulevard Mohammed VI, Meknès 50000","HÔPITAL","150",NULL,"info@clinicelmenzah.ma","https://clinicelmenzah.ma","2025-12-14 14:22:20"
"787","Polyclinique Kendouci مصحة القندسي",NULL,"Rue du Docteur Abderrahmane Kendouci, Casablanca","CLINIQUE","150","0522444444","polycliniquekendouci@gmail.com","https://www.polycliniquekendouci.ma","2025-12-14 14:22:20"
"788","CHU de Tanger-Tétouan-Al Hoceima","144","Route de la Zitoune, 90000 Tanger","HÔPITAL","1000","0539933131",NULL,"https://chutanger.ma","2025-12-14 14:22:20"
"789","Hopital Ibn Khaldoun",NULL,"Boulevard Mohammed VI, 10000 Tétouan","HÔPITAL","500","0539933131",NULL,NULL,"2025-12-14 14:22:20"
"790","Clinique Jerrada Oasis",NULL,NULL,"CLINIQUE","50",NULL,NULL,NULL,"2025-12-14 14:22:20"
"791","Ibn Rochd إبن رشد",NULL,"Rue Ibn Rochd, Casablanca","CLINIQUE","1000","0522282828",NULL,"https://www.ibrh.ma","2025-12-14 14:22:20"
"792","Clinique Val Fleuri","144","Tanger","CLINIQUE","90",NULL,NULL,NULL,"2025-12-14 14:22:20"
"793","Clinique des Specialites Ryad",NULL,"2 RUE BENZAKOUR ATLAS FES","CLINIQUE","100","0535656565",NULL,NULL,"2025-12-14 14:22:20"
"794","المعهد الوطني للانكولوجيا",NULL,"الرباط","HÔPITAL","600",NULL,NULL,NULL,"2025-12-14 14:22:20"
"795","Hassan II Hospital","213","Route de Casablanca, 26000 Settat","HÔPITAL","500",NULL,NULL,NULL,"2025-12-14 14:22:20"
"796","المصحة الدولية رياض النخيل",NULL,"Route de Rabat, 10000 Rabat","CLINIQUE","500","0537757575",NULL,NULL,"2025-12-14 14:22:20"
"797","Hopital El qorb","214","Rue El Qorb, Ben Ahmed","HÔPITAL","200","0612345678","info@elqorb.ma","https://elqorb.ma","2025-12-14 14:22:20"
"798","Clinique Al Matar",NULL,"Boulevard Mohammed VI, 20100 Casablanca","HÔPITAL","150","0522334455","info@cliniquealmatar.ma","https://www.cliniquealmatar.ma","2025-12-14 14:22:20"
"799","Moulay Hassan",NULL,"Boulevard Mohammed VI, 40000 Marrakech","HÔPITAL","1000","0524433131",NULL,NULL,"2025-12-14 14:22:20"
"800","Hôpital Okba Ibnou Nafiâ",NULL,"Route de Tébessa, 31000, Ghardaïa","HÔPITAL","600",NULL,NULL,NULL,"2025-12-14 14:22:20"
"801","Clinique 16 Novembre",NULL,"Boulevard Mohammed V, 10000 Rabat","CLINIQUE","80",NULL,NULL,"https://clinique-oncologie.ma/","2025-12-14 14:22:20"
"802","Centre De Sante Bouknadel",NULL,"Route de Rabat, 11200 Bouknadel","HÔPITAL","200","0524831111",NULL,NULL,"2025-12-14 14:22:20"
"803","Hôpital Bouafi",NULL,NULL,"HÔPITAL","450",NULL,NULL,NULL,"2025-12-14 14:22:20"
"804","Hôpital Militaire Guelmim",NULL,"Route de la plage, Guelmim","HÔPITAL","500","0528833333",NULL,NULL,"2025-12-14 14:22:20"
"805","International Clinic of Tangier","144","Boulevard Mohammed VI, Tanger","HÔPITAL","50","0539333333","info@icltanger.com","https://www.icltanger.com","2025-12-14 14:22:20"
"806","Hospital El Kelâa 2",NULL,"Boulevard El Kelaa, 40000 El Kelaa des Sraghna, Marrakech-Safi","HÔPITAL","500",NULL,NULL,NULL,"2025-12-14 14:22:20"
"807","المركز الاستشفائي الجهوي كلميم",NULL,"Route de la plage, Kelaat M'Gouna, Kelaat M'Gouna, Province de Kelaat M'Gouna, Région de Souss-Massa","HÔPITAL","300","0528832334",NULL,NULL,"2025-12-14 14:22:20"
"808","Nouveau Hôpital de Guelmim",NULL,"Route de la ville, Guelmim","HÔPITAL","500","0528833456","nouveau.hopital.guelmim@minsa.gov.ma","https://www.minsa.gov.ma/hopitaux/nouveau-hopital-de-guelmim","2025-12-14 14:22:20"
"809","مستوصف زاوية المجدوب",NULL,"الدار البيضاء, مقاطعة الدار البيضاء, مراكش-أسفي","HÔPITAL","40","0522334455",NULL,NULL,"2025-12-14 14:22:20"
"810","Dispensary Tassoumaât",NULL,NULL,"HÔPITAL","30",NULL,NULL,NULL,"2025-12-14 14:22:20"
"811","مستشفى إيموزار مرموشة - Imouzzer Marmoucha Hospital","215","Route de Tacheddirt, Imouzzer Marmoucha","HÔPITAL","100","0524980000",NULL,NULL,"2025-12-14 14:22:20"
"812","dispensaire مستوصف",NULL,NULL,"HÔPITAL","30",NULL,NULL,NULL,"2025-12-14 14:22:20"
"813","Sidi Yahia",NULL,"Boulevard Sidi Yahia, Casablanca","CLINIQUE","500","0522334455","sidiyahia.hopital@gmail.com","https://sidiyahia.hopital.ma","2025-12-14 14:22:20"
"814","Ibn Badiss",NULL,"Route de l'aéroport, 40000 Tanger","CLINIQUE","500","0539933131","ibnbadiss@hopital.ma","https://www.hopital-ibnbadiss.ma","2025-12-14 14:22:20"
"815","Santacruz Surf Hostel","216",NULL,"HÔPITAL","500",NULL,NULL,NULL,"2025-12-14 14:22:20"
"816","Hospital Ben Karrich","217","Route de Meknès, Bni Karrich, Meknès","HÔPITAL","150",NULL,"hospital.benkarrich@hopitaux.ma","https://www.hopitaux.ma/hospital-ben-karrich","2025-12-14 14:22:20"
"817","Hôpital wlad bennasser",NULL,"Route de Meknès, 24000 Khouribga","HÔPITAL","300",NULL,NULL,NULL,"2025-12-14 14:22:20"
"818","Centre régional d'Oncologie","131","Route de la Zitoune, 60000 Oujda","HÔPITAL","100",NULL,"cro.oujda@minss.gov.ma","https://www.minss.gov.ma/fr/centre-regional-d-oncologie-de-oujda","2025-12-14 14:22:20"
"819","centre d'hémodialyse association",NULL,NULL,"CLINIQUE","30",NULL,NULL,NULL,"2025-12-14 14:22:20"
"820","Hopital de Proximité",NULL,NULL,"HÔPITAL","500",NULL,NULL,NULL,"2025-12-14 14:22:20"
"821","host",NULL,NULL,"HÔPITAL","500",NULL,NULL,NULL,"2025-12-14 14:22:20"
"822","Hôpital Militaire",NULL,"BP 4015, Casablanca","HÔPITAL","500",NULL,NULL,NULL,"2025-12-14 14:22:20"
"823","centre de santé Belfaa",NULL,NULL,"HÔPITAL","40",NULL,NULL,NULL,"2025-12-14 14:22:20"
"824","Centre de santé urbain niveau 1 Regraga المركز الصحي الحضري -مستوى أول- رݣراݣة",NULL,"Route de Rabat, Regraga","CLINIQUE","150","0524345678","csu.regraga@minss.gov.ma","https://www.minss.gov.ma/fr/centre-de-sante-urbain-niveau-1-regraga","2025-12-14 14:22:20"
"825","Hopital Provincial Mohammed V",NULL,"Boulevard Mohammed V, 40000 Marrakech","HÔPITAL","500",NULL,"hopital.provincial.mohammedv@msssi.gov.ma","https://www.hopitalmohammedv.ma","2025-12-14 14:22:20"
"826","Centre de Sante Ain Harrouda",NULL,NULL,"HÔPITAL","450",NULL,NULL,NULL,"2025-12-14 14:22:20"
"827","Clinique Lemsalah",NULL,"Rue Lemsalah, Casablanca","HÔPITAL","150","0522334455","info@lemsalah.ma","https://www.cliniquelemsalah.ma","2025-12-14 14:22:20"
"828","AKDITAL : Hôpital Privé de Tanger","144","Route de la Ziaten, Tanger","HÔPITAL","150","0539333333","info@akdital.ma","https://www.akdital.ma","2025-12-14 14:22:20"
"829","Hôpital Sidi El Mekki مستشفى سيدي المكي",NULL,"Route de Sidi El Mekki, 40000 Sidi El Mekki","HÔPITAL","250","0535833456","hospitelmekki@hopitaux.gov.ma","https://www.hopital-sidielmekki.ma","2025-12-14 14:22:20"
"830","Hôpital Moulay Youssef مستشفى مولاي يوسف","155","Boulevard Moulay Youssef, Casablanca","HÔPITAL","500","0522222222","moulayyoussef.hospital@casablanca.ma","https://www.hopitalmoulayyoussef.ma","2025-12-14 14:22:20"
"831","Hôpital Mohammed V مستشفى محمد الخامس",NULL,"Boulevard de la Corniche, 20250 Casablanca","HÔPITAL","1000","0522474747",NULL,"https://hopitalmohammedv.ma/","2025-12-14 14:22:20"
"832","Institut Pasteur معهد باستور",NULL,"BP 17, Route d'El Jadida, Casablanca","HÔPITAL","120","0522227000",NULL,"https://www.pasteur.ma/","2025-12-14 14:22:20"
"833","CENTRE DE SANTE","170","Route de Drarga, Drarga","HÔPITAL","150","0611223344","centredesante.drarga@hopitaux-marocains.ma","https://www.centredesante.drarga.ma","2025-12-14 14:22:20"
